id,path,pointer,category,reason,note,sentence,status
1,dataset/source/afrik/famille_linguistique/FLG_KROU.json,/content/decolonialHeader/originOfHistoricalTerm,B,"The phrase names the status of an account (tradition, legend, myth, testimony): it tells the reader whose voice this is. Kept as it is, because moving it to the end would present an account as an assertion.",Carrier or collection named in the sentence.,"Selon les traditions orales krou qu'il rapporte, Krao, aussi prononcé Klao ou Claho, était le nom d'origine du peuple avant de devenir Kru ou Kroo.",kept: an account
2,dataset/source/afrik/langues/lin.json,/whyProblematic,C,"Introduces one of several accounts, and the frame is what keeps them apart. Reorder every account of the field together, or none.",Kept in batch 4: opens the Meeuwis / Mimpongo debate.,"Selon Meeuwis, les Européens arrivés sur le fleuve Congo en 1881-1882 ont appris de façon imparfaite le bobangi, langue de commerce des riverains, et l'ont fortement simplifié.",kept on purpose since batch 4
3,dataset/source/afrik/patronymes/PAT_KOLLO.json,/origin/oralTraditions/0/claim,B,"The phrase names the status of an account (tradition, legend, myth, testimony): it tells the reader whose voice this is. Kept as it is, because moving it to the end would present an account as an assertion.",Carrier and collection not stated.,"Selon un témoignage familial, ce nom est aussi porté au Cameroun sous la forme composée Ngo Kollo, où le premier élément marque l'appartenance à une lignée.",kept: an account
4,dataset/source/afrik/patronymes/PAT_MBAPPE.json,/origin/oralTraditions/0/claim,B,"The phrase names the status of an account (tradition, legend, myth, testimony): it tells the reader whose voice this is. Kept as it is, because moving it to the end would present an account as an assertion.",Kept in batch 4: a named carrier (the prince Kum'a Ndumbe III) stays first.,"Selon le prince Kum'a Ndumbe III, Mbape est d'abord le nom d'un ancêtre, fils du roi Béri ba Doo, fondateur de Bonabéri, puis le nom de ses descendants : ses fils Bwanga Mbape et Koum Mbape, dit Lock Priso, puis les lignées de Bonabéri qui se disent « Bona Mbap'a Bele » ou « Bona Kum'a Mbape ».",kept on purpose since batch 4
5,dataset/source/afrik/patronymes/PAT_SANGARE.json,/origin/writtenChronicles/1/claim,D,"The named source is the subject of the sentence (a chronicle, a primary source, the account being retold), not a borrowed authority.",« ce même récit » points back to the chronicle entry's own account.,"Selon ce même récit, Sangaré compte, avec Diallo, Sidibé et Diakité, parmi les quatre patronymes peuls emblématiques du Wassoulou, et des lignages mandingues auraient à leur tour adopté ces noms peuls au contact de leurs voisins ou de leurs anciens maîtres.",kept: the source is the subject
6,dataset/source/afrik/peuples/FLG_ATLANTIQUE/PPL_BAGA.json,/content/origins/ancientOrigins,B,"The phrase names the status of an account (tradition, legend, myth, testimony): it tells the reader whose voice this is. Kept as it is, because moving it to the end would present an account as an assertion.",Carrier and collection not stated.,"Selon la tradition orale baga, le peuple est originaire des hauts plateaux de l'interieur de la Guinee (region du Fouta Djallon).",kept: an account
7,dataset/source/afrik/peuples/FLG_ATLANTIQUE/PPL_BIDYOGO.json,/content/origins/ancientOrigins,B,"The phrase names the status of an account (tradition, legend, myth, testimony): it tells the reader whose voice this is. Kept as it is, because moving it to the end would present an account as an assertion.",Carrier and collection not stated.,"Selon la tradition orale bijago, la premiere femme bijago eut quatre filles, ancetres des quatre clans fondateurs (Oraga, Ominca, Ogubane et Oracuma).",kept: an account
8,dataset/source/afrik/peuples/FLG_ATLANTIQUE/PPL_BIJAOGO.json,/content/origins/ancientOrigins,B,"The phrase names the status of an account (tradition, legend, myth, testimony): it tells the reader whose voice this is. Kept as it is, because moving it to the end would present an account as an assertion.",Carrier and collection not stated.,"Selon la mythologie bijago, le monde commenca sur l'ile d'Orango (la premiere ile creee).",kept: an account
9,dataset/source/afrik/peuples/FLG_ATLANTIQUE/PPL_DIAWAMBE.json,/content/origins/ancientOrigins,B,"The phrase names the status of an account (tradition, legend, myth, testimony): it tells the reader whose voice this is. Kept as it is, because moving it to the end would present an account as an assertion.",Carrier or collection named in the sentence.,"D'après la tradition orale recueillie à Néma, les Diawambé et les Peuls descendent d'un ancêtre commun, Ouba Bouniassoum, par deux de ses fils, Kananata Ouba pour les Diawambé et Bodéwal Ouba pour les Peuls.",kept: an account
10,dataset/source/afrik/peuples/FLG_ATLANTIQUE/PPL_DIAWAMBE.json,/content/origins/migrationRoutes/0,B,"The phrase names the status of an account (tradition, legend, myth, testimony): it tells the reader whose voice this is. Kept as it is, because moving it to the end would present an account as an assertion.",Also names a competing version in the same sentence.,"D'après la tradition orale, un premier établissement important à Kong, au sud-est de Korhogo, puis un départ vers le nord après un conflit avec le royaume de Kong ; une autre version place cette première agglomération à Aribinda, près de Dori",kept: an account
11,dataset/source/afrik/peuples/FLG_ATLANTIQUE/PPL_FULA.json,/content/appellations/originOfExonyms,C,"Introduces one of several accounts, and the frame is what keeps them apart. Reorder every account of the field together, or none.",Kept in batch 4: each competing reading of the field is held by a named author.,"Selon le commandant Gaden, cité par Delafosse et rapporté par Tauxier (1937), Fulbe signifierait « les dispersés, les éparpillés ».",kept on purpose since batch 4
12,dataset/source/afrik/peuples/FLG_ATLANTIQUE/PPL_GOLA.json,/content/origins/ancientOrigins,B,"The phrase names the status of an account (tradition, legend, myth, testimony): it tells the reader whose voice this is. Kept as it is, because moving it to the end would present an account as an assertion.",Carrier or collection named in the sentence.,"Selon la tradition orale (Kabande), les Gola etaient gouvernes par une matriarchie a l'origine, les femmes tenant les pouvoirs politiques et spirituels suprêmes via la societe Sande.",kept: an account
13,dataset/source/afrik/peuples/FLG_ATLANTIQUE/PPL_GOLA.json,/content/culture/majorRites,B,"The phrase names the status of an account (tradition, legend, myth, testimony): it tells the reader whose voice this is. Kept as it is, because moving it to the end would present an account as an assertion.",Carrier or collection named in the sentence.,"Selon la tradition orale Kabande, la Sande est anterieure au Poro.",kept: an account
14,dataset/source/afrik/peuples/FLG_ATLANTIQUE/PPL_KISSI.json,/content/origins/ancientOrigins,B,"The phrase names the status of an account (tradition, legend, myth, testimony): it tells the reader whose voice this is. Kept as it is, because moving it to the end would present an account as an assertion.",Carrier or collection named in the sentence.,"Selon la tradition orale Kissi rapportée dans The Peoples of Africa, avant le XVIIe siècle, les Kissi habitaient la région du Haut Niger.",kept: an account
15,dataset/source/afrik/peuples/FLG_ATLANTIQUE/PPL_MANJAK_BAINUK.json,/content/appellations/originOfExonyms,B,"The phrase names the status of an account (tradition, legend, myth, testimony): it tells the reader whose voice this is. Kept as it is, because moving it to the end would present an account as an assertion.",Carrier and collection not stated.,"Selon la tradition orale mandingue, Bainouk signifie 'ceux qui sont chassés' (de 'bai', chasser en mandingue), terme utilisé après une défaite militaire au XVIe siècle.",kept: an account
16,dataset/source/afrik/peuples/FLG_ATLANTIQUE/PPL_PAPEL.json,/content/origins/ancientOrigins,B,"The phrase names the status of an account (tradition, legend, myth, testimony): it tells the reader whose voice this is. Kept as it is, because moving it to the end would present an account as an assertion.",Carrier and collection not stated.,"Selon la tradition orale, le fondateur Mecau, fils d'un roi du royaume de Quinara au sud du fleuve Geba, s'etablit a Bissau lors d'une expedition de chasse, attire par la fertilite des terres.",kept: an account
17,dataset/source/afrik/peuples/FLG_ATLANTIQUE/PPL_TEMNE.json,/content/origins/ancientOrigins,B,"The phrase names the status of an account (tradition, legend, myth, testimony): it tells the reader whose voice this is. Kept as it is, because moving it to the end would present an account as an assertion.",Carrier and collection not stated.,"Selon la tradition orale, les Temne considerent le Fouta-Djallon (hauts plateaux de Guinee actuelle) comme leur foyer ancestral.",kept: an account
18,dataset/source/afrik/peuples/FLG_ATLANTIQUE/PPL_WOLOF.json,/content/origins/ancientOrigins,B,"The phrase names the status of an account (tradition, legend, myth, testimony): it tells the reader whose voice this is. Kept as it is, because moving it to the end would present an account as an assertion.",Carrier and collection not stated.,"Selon une tradition orale liee au Waalo, un personnage mysterieux nomme Ndiadiane Ndiaye (Ndyadyane Ndyaye) serait emerge d'un lac, aurait arbitre un conflit entre villages et serait devenu le premier souverain wolof.",kept: an account
19,dataset/source/afrik/peuples/FLG_BANTU/PPL_AKA.json,/content/organization/clanOrganization,F,Not an attribution: « selon » means « depending on ».,,"Selon la region, l'identification s'etend aux familles et clans des agriculteurs voisins (Ngandu) avec lesquels les Aka entretiennent des relations de symbiose.",nothing to do
20,dataset/source/afrik/peuples/FLG_BANTU/PPL_BAGANDA.json,/content/origins/ancientOrigins,B,"The phrase names the status of an account (tradition, legend, myth, testimony): it tells the reader whose voice this is. Kept as it is, because moving it to the end would present an account as an assertion.",Carrier and collection not stated.,"Selon une tradition historique, Rukidi Mpuga (fondateur du Bunyoro) envoya son jumeau Kato vers le sud-est, qui établit indépendamment le Buganda.",kept: an account
21,dataset/source/afrik/peuples/FLG_BANTU/PPL_BAKOSSI.json,/content/origins/ancientOrigins,B,"The phrase names the status of an account (tradition, legend, myth, testimony): it tells the reader whose voice this is. Kept as it is, because moving it to the end would present an account as an assertion.",Carrier and collection not stated.,"Selon le récit fondateur, un être surnaturel avertit Ngoe d'un déluge imminent.",kept: an account
22,dataset/source/afrik/peuples/FLG_BANTU/PPL_BANYANKOLE.json,/content/origins/ancientOrigins,C,"Introduces one of several accounts, and the frame is what keeps them apart. Reorder every account of the field together, or none.",,"Selon d'autres analyses, les Bahima auraient adopte la langue runyankole des Bairu mais maintenu leur identite pastorale distincte.",open: move the accounts together
23,dataset/source/afrik/peuples/FLG_BANTU/PPL_BANYORO.json,/content/origins/ancientOrigins,B,"The phrase names the status of an account (tradition, legend, myth, testimony): it tells the reader whose voice this is. Kept as it is, because moving it to the end would present an account as an assertion.",Carrier and collection not stated.,"Selon la tradition, les Babiito descendent d'un prince chwezi Kyomya et d'une femme luo Nyatworo ; leur fils Rukidi Mpuga fonda le Bunyoro au 16e siècle après la dissolution de l'Empire de Kitara.",kept: an account
24,dataset/source/afrik/peuples/FLG_BANTU/PPL_BATOORO.json,/content/origins/ancientOrigins,B,"The phrase names the status of an account (tradition, legend, myth, testimony): it tells the reader whose voice this is. Kept as it is, because moving it to the end would present an account as an assertion.",Carrier and collection not stated.,"Selon la tradition orale, leurs ancetres comprennent les Batembuzi et les Bagabu, pionniers de la region, ainsi que les Bachwezi et les Babito d'origine nilotique venus du nord.",kept: an account
25,dataset/source/afrik/peuples/FLG_BANTU/PPL_BENDE.json,/content/origins/ancientOrigins,A,"Single attributed claim from a written, statistical or institutional source: the claim can lead and the source follow, without changing its certainty.",« les donnees linguistiques » unnamed.,"Selon les donnees linguistiques, le groupe Bende est lie aux peuples Tongwe et Holoholo dans la zone nord de Rukwa, formant le groupe linguistique Bende.",reordered in batch 5
26,dataset/source/afrik/peuples/FLG_BANTU/PPL_DUALA.json,/content/origins/ancientOrigins,B,"The phrase names the status of an account (tradition, legend, myth, testimony): it tells the reader whose voice this is. Kept as it is, because moving it to the end would present an account as an assertion.",Carrier and collection not stated.,"Selon les traditions orales, les fils de Mbedi: Ewale (ancêtre des Duala proprement dits), Dibongo (ancêtre des Limba) et Elimbe, se séparèrent après une dispute.",kept: an account
27,dataset/source/afrik/peuples/FLG_BANTU/PPL_EMBU.json,/content/origins/ancientOrigins,B,"The phrase names the status of an account (tradition, legend, myth, testimony): it tells the reader whose voice this is. Kept as it is, because moving it to the end would present an account as an assertion.",Carrier and collection not stated.,"Selon la mythologie, Dieu (Ngai) crea Mwenendega et lui donna une epouse, Ciurunjii ou Nthara, au bord de la riviere Gogo.",kept: an account
28,dataset/source/afrik/peuples/FLG_BANTU/PPL_GOVA.json,/content/origins/ancientOrigins,B,"The phrase names the status of an account (tradition, legend, myth, testimony): it tells the reader whose voice this is. Kept as it is, because moving it to the end would present an account as an assertion.",Carrier and collection not stated.,"Selon la mythologie hambukushu, leur dieu supreme Nyembe crea les premiers ancetres et les descendit du ciel jusqu'aux collines de Tsodilo (aujourd'hui site UNESCO au Botswana) au moyen d'une corde.",kept: an account
29,dataset/source/afrik/peuples/FLG_BANTU/PPL_HA.json,/content/appellations/contemporaryUsage,A,"Single attributed claim from a written, statistical or institutional source: the claim can lead and the source follow, without changing its certainty.",,"Selon le recensement de 1948 du Tanganyika Territory, les Ha etaient le troisieme plus grand groupe ethnique du pays.",reordered in batch 5
30,dataset/source/afrik/peuples/FLG_BANTU/PPL_ILA.json,/content/origins/ancientOrigins,B,"The phrase names the status of an account (tradition, legend, myth, testimony): it tells the reader whose voice this is. Kept as it is, because moving it to the end would present an account as an assertion.",Carrier and collection not stated.,"Selon la tradition orale, Dieu deposa les premiers hommes sur un rocher situe dans le coeur de leur territoire, au bord de la riviere Kafue.",kept: an account
31,dataset/source/afrik/peuples/FLG_BANTU/PPL_KAMBA.json,/content/origins/ancientOrigins,B,"The phrase names the status of an account (tradition, legend, myth, testimony): it tells the reader whose voice this is. Kept as it is, because moving it to the end would present an account as an assertion.",Carrier and collection not stated.,"Selon la tradition orale, le dieu createur Mulungu fit descendre du ciel un couple originel sur le rocher de Nzaui (Machakos), d'ou se dispersa la lignee ancestrale.",kept: an account
32,dataset/source/afrik/peuples/FLG_BANTU/PPL_KUBA.json,/content/origins/ancientOrigins,B,"The phrase names the status of an account (tradition, legend, myth, testimony): it tells the reader whose voice this is. Kept as it is, because moving it to the end would present an account as an assertion.",Carrier and collection not stated.,"Selon la tradition orale, un commercant voyageur nomme Shyaam a-Mbul a Ngoong (fils adoptif d'une reine kuba) quitta la region pour apprendre des royaumes Pende et Kongo avant de revenir et d'unifier les chefferies.",kept: an account
33,dataset/source/afrik/peuples/FLG_BANTU/PPL_LALA_BISA.json,/content/origins/ancientOrigins,B,"The phrase names the status of an account (tradition, legend, myth, testimony): it tells the reader whose voice this is. Kept as it is, because moving it to the end would present an account as an assertion.",Carrier and collection not stated.,"Selon la tradition orale, leur separation des Bemba lors de la migration depuis le Congo aurait ete causee par une querelle entre princes royaux autour d'un champignon refuse a un enfant affame.",kept: an account
34,dataset/source/afrik/peuples/FLG_BANTU/PPL_LALA_SWAKA.json,/content/historicalRole/relationsWithNeighbors,A,"Single attributed claim from a written, statistical or institutional source: the claim can lead and the source follow, without changing its certainty.",« les sources academiques » unnamed.,"Selon les sources academiques, la region de Bukanda est delimitee par les Aushi au nord, les Lala et Swaka a l'est et au sud, et les Lamba a l'ouest.",reordered in batch 5
35,dataset/source/afrik/peuples/FLG_BANTU/PPL_LENJE.json,/content/origins/ancientOrigins,B,"The phrase names the status of an account (tradition, legend, myth, testimony): it tells the reader whose voice this is. Kept as it is, because moving it to the end would present an account as an assertion.",Carrier or collection named in the sentence.,"Selon les traditions orales conservees dans les documents de la ceremonie Kulamba Kubwalo (2016), vers 1700 les Bene Mukuni (lignage fondateur lenje) migrerent vers Chibombo depuis Kola au Congo, appartenant a la tribu Bayeke du Royaume Luba.",kept: an account
36,dataset/source/afrik/peuples/FLG_BANTU/PPL_LEYA.json,/content/origins/ancientOrigins,B,"The phrase names the status of an account (tradition, legend, myth, testimony): it tells the reader whose voice this is. Kept as it is, because moving it to the end would present an account as an assertion.",Carrier and collection not stated.,"Selon la tradition orale, la dynastic royale Mukuni descend du Mulopwe, un titre royal issu du Congo (RDC actuelle).",kept: an account
37,dataset/source/afrik/peuples/FLG_BANTU/PPL_LOZI.json,/content/origins/ancientOrigins,B,"The phrase names the status of an account (tradition, legend, myth, testimony): it tells the reader whose voice this is. Kept as it is, because moving it to the end would present an account as an assertion.",Carrier and collection not stated.,"Selon la tradition orale lozi, le premier Litunga (roi) fut Mboo Mwanasilundu Muyunda, qui fonda le royaume au 17e siecle a la suite d'une migration depuis l'empire Lunda.",kept: an account
38,dataset/source/afrik/peuples/FLG_BANTU/PPL_LUNGU.json,/content/origins/ancientOrigins,B,"The phrase names the status of an account (tradition, legend, myth, testimony): it tells the reader whose voice this is. Kept as it is, because moving it to the end would present an account as an assertion.",Carrier and collection not stated.,"Selon la legende, la lignee royale du chef Tafuna vient d'une terre appelee Uzao, a l'ouest du Lac Tanganyika dans l'actuelle RDC orientale.",kept: an account
39,dataset/source/afrik/peuples/FLG_BANTU/PPL_LUYANA.json,/content/origins/ancientOrigins,B,"The phrase names the status of an account (tradition, legend, myth, testimony): it tells the reader whose voice this is. Kept as it is, because moving it to the end would present an account as an assertion.",Carrier and collection not stated.,"Selon les traditions Lozi, les Luyana seraient les premiers habitants de la Plaine du Bulozi, descendant du dieu Nyambe et d'une ancetre feminine Mbuyu.",kept: an account
40,dataset/source/afrik/peuples/FLG_BANTU/PPL_MAKONDE.json,/content/organization/religiousAuthority,F,Not an attribution: « selon » means « depending on ».,,"Selon les zones, les Makonde de Tanzanie sont nominalement musulmans, ceux du Mozambique catholiques ou musulmans.",nothing to do
41,dataset/source/afrik/peuples/FLG_BANTU/PPL_MERU.json,/content/origins/ancientOrigins,B,"The phrase names the status of an account (tradition, legend, myth, testimony): it tells the reader whose voice this is. Kept as it is, because moving it to the end would present an account as an assertion.",Carrier and collection not stated.,"Selon la tradition orale meru, les ancetres des Ameru (appeles Ngaa ou proto-Meru) vivaient sur l'ile cotiere de Manda (cote nord du Kenya actuel) avant 1700.",kept: an account
42,dataset/source/afrik/peuples/FLG_BANTU/PPL_MIJIKENDA.json,/content/origins/ancientOrigins,B,"The phrase names the status of an account (tradition, legend, myth, testimony): it tells the reader whose voice this is. Kept as it is, because moving it to the end would present an account as an assertion.",Carrier and collection not stated.,"Selon la tradition orale orthodoxe, les Mijikenda sont originaires de Shungwaya (Singwaya), localite de la cote nord somalienne.",kept: an account
43,dataset/source/afrik/peuples/FLG_BANTU/PPL_MONGO.json,/content/origins/ancientOrigins,B,"The phrase names the status of an account (tradition, legend, myth, testimony): it tells the reader whose voice this is. Kept as it is, because moving it to the end would present an account as an assertion.",Carrier and collection not stated.,"Selon leur tradition orale commune, tous les Mongo sont descendants d'un ancetre eponyme unique nomme Mongo.",kept: an account
44,dataset/source/afrik/peuples/FLG_BANTU/PPL_MWANGA.json,/content/origins/ancientOrigins,C,"Introduces one of several accounts, and the frame is what keeps them apart. Reorder every account of the field together, or none.",,"Selon d'autres sources, ils migrerent depuis le Bassin du Congo et s'installerent dans ce qui est aujourd'hui le nord de la Zambie et des parties de la Tanzanie.",open: move the accounts together
45,dataset/source/afrik/peuples/FLG_BANTU/PPL_MWERA.json,/content/origins/ancientOrigins,B,"The phrase names the status of an account (tradition, legend, myth, testimony): it tells the reader whose voice this is. Kept as it is, because moving it to the end would present an account as an assertion.",Carrier and collection not stated.,"Selon les traditions orales, les Mwera sont originaires de la region du lac Albert au nord de l'Ouganda.",kept: an account
46,dataset/source/afrik/peuples/FLG_BANTU/PPL_NAMWANGA.json,/content/origins/ancientOrigins,B,"The phrase names the status of an account (tradition, legend, myth, testimony): it tells the reader whose voice this is. Kept as it is, because moving it to the end would present an account as an assertion.",Carrier and collection not stated.,"Selon certaines traditions, ils seraient arrives d'Afrique du Nord-Est vers 900 avant notre ere, conjointement avec les Tonga-Ila du sud de la Zambie, avec qui ils partagent certains patronymes (Siame chez les Namwanga, Sianjunza chez les Tonga).",kept: an account
47,dataset/source/afrik/peuples/FLG_BANTU/PPL_NANDE.json,/content/origins/ancientOrigins,B,"The phrase names the status of an account (tradition, legend, myth, testimony): it tells the reader whose voice this is. Kept as it is, because moving it to the end would present an account as an assertion.",Carrier and collection not stated.,"Selon la tradition orale et les travaux historiques, le peuple est arrive dans sa region actuelle depuis l'Ouganda, en traversant la riviere Semuliki.",kept: an account
48,dataset/source/afrik/peuples/FLG_BANTU/PPL_NDAMBA.json,/content/origins/ancientOrigins,B,"The phrase names the status of an account (tradition, legend, myth, testimony): it tells the reader whose voice this is. Kept as it is, because moving it to the end would present an account as an assertion.",Carrier and collection not stated.,"Selon la tradition orale, les Ndamba sont une ramification du peuple Pogoro.",kept: an account
49,dataset/source/afrik/peuples/FLG_BANTU/PPL_NDEBELE_SA.json,/content/origins/formationPeriod,B,"The phrase names the status of an account (tradition, legend, myth, testimony): it tells the reader whose voice this is. Kept as it is, because moving it to the end would present an account as an assertion.",Carrier and collection not stated.,"Selon la tradition, le fils cadet Ndzundza obtint par tromperie les insignes royaux (iNamrhali) et fuya vers l'est avec ses partisans.",kept: an account
50,dataset/source/afrik/peuples/FLG_BANTU/PPL_NGONDE.json,/content/origins/ancientOrigins,B,"The phrase names the status of an account (tradition, legend, myth, testimony): it tells the reader whose voice this is. Kept as it is, because moving it to the end would present an account as an assertion.",Carrier and collection not stated.,"Selon la tradition orale, les Ngonde tracent leurs origines a une reine nubienne nommee Nyanseba, fondatrice mythique de la lignee royale.",kept: an account
51,dataset/source/afrik/peuples/FLG_BANTU/PPL_NYAKYUSA.json,/content/origins/ancientOrigins,B,"The phrase names the status of an account (tradition, legend, myth, testimony): it tells the reader whose voice this is. Kept as it is, because moving it to the end would present an account as an assertion.",Carrier and collection not stated.,"Selon la tradition orale, les Nyakyusa tracent leurs origines a une reine nubienne legendaire appelee Nyanseba, enlevee par un guerrier et un berger ; ce dernier transforma la royaute femelle en royaute masculine.",kept: an account
52,dataset/source/afrik/peuples/FLG_BANTU/PPL_NYAMWEZI.json,/content/origins/ancientOrigins,B,"The phrase names the status of an account (tradition, legend, myth, testimony): it tells the reader whose voice this is. Kept as it is, because moving it to the end would present an account as an assertion.",Carrier and collection not stated.,"Selon les traditions orales et les recherches historiques, ils seraient arrives dans leur region actuelle au cours du XVIe ou XVIIe siecle.",kept: an account
53,dataset/source/afrik/peuples/FLG_BANTU/PPL_OVAMBO.json,/content/origins/ancientOrigins,B,"The phrase names the status of an account (tradition, legend, myth, testimony): it tells the reader whose voice this is. Kept as it is, because moving it to the end would present an account as an assertion.",Carrier and collection not stated.,"Selon les traditions orales et les analyses linguistiques, leurs ancêtres sont venus de la région de la Zambie actuelle et ont commencé à migrer vers leur territoire actuel aux alentours du XIVe siècle.",kept: an account
54,dataset/source/afrik/peuples/FLG_BANTU/PPL_SAGALA.json,/content/culture/spiritualities,C,"Introduces one of several accounts, and the frame is what keeps them apart. Reorder every account of the field together, or none.",,"Selon certaines sources, la population sagala est majoritairement catholique romaine; d'autres indiquent une presence significative de l'islam et de la religion traditionnelle africaine.",open: move the accounts together
55,dataset/source/afrik/peuples/FLG_BANTU/PPL_SAWA.json,/content/origins/ancientOrigins,B,"The phrase names the status of an account (tradition, legend, myth, testimony): it tells the reader whose voice this is. Kept as it is, because moving it to the end would present an account as an assertion.",Carrier and collection not stated.,"Selon la tradition orale sawa, les ancetres des Sawa sont originaires du nord de l'Afrique (Nubie, Egypte, Soudan), d'ou ils migrerent progressivement vers l'Afrique subsaharienne.",kept: an account
56,dataset/source/afrik/peuples/FLG_BANTU/PPL_SENGA.json,/content/appellations/originOfExonyms,B,"The phrase names the status of an account (tradition, legend, myth, testimony): it tells the reader whose voice this is. Kept as it is, because moving it to the end would present an account as an assertion.",Carrier and collection not stated.,"Selon les traditions orales, le nom aurait ete donne par les Tumbuka lors de la migration du groupe dans la vallee de la Luangwa.",kept: an account
57,dataset/source/afrik/peuples/FLG_BANTU/PPL_SHIRAZI.json,/content/origins/ancientOrigins,B,"The phrase names the status of an account (tradition, legend, myth, testimony): it tells the reader whose voice this is. Kept as it is, because moving it to the end would present an account as an assertion.",Carrier and collection not stated.,"Selon la legende, un prince de Shiraz interpreta un reve comme un signe de malheur et s'embarqua avec six freres pour fonder des cites-etats sur la cote.",kept: an account
58,dataset/source/afrik/peuples/FLG_BANTU/PPL_SUBIYA.json,/content/origins/ancientOrigins,B,"The phrase names the status of an account (tradition, legend, myth, testimony): it tells the reader whose voice this is. Kept as it is, because moving it to the end would present an account as an assertion.",Carrier and collection not stated.,"Selon les traditions orales, leurs origines les plus lointaines remontent a l'actuelle region nord de l'Afrique centrale.",kept: an account
59,dataset/source/afrik/peuples/FLG_BANTU/PPL_SUBIYA.json,/content/organization/roleOfLineages,B,"The phrase names the status of an account (tradition, legend, myth, testimony): it tells the reader whose voice this is. Kept as it is, because moving it to the end would present an account as an assertion.",Carrier and collection not stated.,"Selon la legende, quand le chef Mukuni des Leya captura les Subiya de Sikute et leurs tambours royaux, les tambours s'echapperent dans le Zambeze ou leur son continua d'etre entendu pendant des annees.",kept: an account
60,dataset/source/afrik/peuples/FLG_BANTU/PPL_SUMBWA.json,/content/origins/ancientOrigins,B,"The phrase names the status of an account (tradition, legend, myth, testimony): it tells the reader whose voice this is. Kept as it is, because moving it to the end would present an account as an assertion.",Carrier and collection not stated.,"Selon la tradition orale, les Sumbwa sont originaires de la partie occidentale de la Tanzanie.",kept: an account
61,dataset/source/afrik/peuples/FLG_BANTU/PPL_SWAKA.json,/content/origins/ancientOrigins,A,"Single attributed claim from a written, statistical or institutional source: the claim can lead and the source follow, without changing its certainty.",The field holds a second attribution.,"Selon l'historiographie zambienne, ils sont issus du courant migratoire bantou provenant du Bassin du Congo via le Royaume Luba.",reordered in batch 5
62,dataset/source/afrik/peuples/FLG_BANTU/PPL_TONGA_ZAMBIA.json,/content/origins/ancientOrigins,B,"The phrase names the status of an account (tradition, legend, myth, testimony): it tells the reader whose voice this is. Kept as it is, because moving it to the end would present an account as an assertion.",Carrier and collection not stated.,"Selon les sources orales et archeologiques, ils occupent la region depuis au moins le 1er millenaire de notre ere.",kept: an account
63,dataset/source/afrik/peuples/FLG_BANTU/PPL_UNGA.json,/content/origins/ancientOrigins,B,"The phrase names the status of an account (tradition, legend, myth, testimony): it tells the reader whose voice this is. Kept as it is, because moving it to the end would present an account as an assertion.",Carrier or collection named in the sentence.,"Selon les traditions orales, les BaUnga rapportent avoir trouve les BaTwa (chasseurs-cueilleurs) lorsqu'ils sont arrives dans la region depuis la RDC. Ils se sont progressivement installes sur les iles et dans les zones marecageuses du Bangweulu.",kept: an account
64,dataset/source/afrik/peuples/FLG_BANTU/PPL_ZARAMO.json,/content/origins/ancientOrigins,B,"The phrase names the status of an account (tradition, legend, myth, testimony): it tells the reader whose voice this is. Kept as it is, because moving it to the end would present an account as an assertion.",Carrier and collection not stated.,"Selon la tradition orale, ils descendent des Shomvi (clan marchand cotier) avec l'apport du guerrier Pazi, venu de l'arriere-pays au debut du XIXe siecle pour repousser une attaque Kamba.",kept: an account
65,dataset/source/afrik/peuples/FLG_BENOUECONGO/PPL_ANAGO.json,/content/origins/ancientOrigins,B,"The phrase names the status of an account (tradition, legend, myth, testimony): it tells the reader whose voice this is. Kept as it is, because moving it to the end would present an account as an assertion.",Carrier and collection not stated.,"Selon les traditions yoruba, tous les Yoruba descendent d'Odùduwà, ancêtre fondateur d'Ile-Ife.",kept: an account
66,dataset/source/afrik/peuples/FLG_BENOUECONGO/PPL_EKPEYE.json,/content/origins/ancientOrigins,B,"The phrase names the status of an account (tradition, legend, myth, testimony): it tells the reader whose voice this is. Kept as it is, because moving it to the end would present an account as an assertion.",Carrier or collection named in the sentence.,"Selon les traditions orales ekpeye et les recherches de U. B. Ajugo (2005), l'histoire d'Ekpeyeland remonte a environ 3000 av.",kept: an account
67,dataset/source/afrik/peuples/FLG_BENOUECONGO/PPL_IGALA.json,/content/origins/ancientOrigins,B,"The phrase names the status of an account (tradition, legend, myth, testimony): it tells the reader whose voice this is. Kept as it is, because moving it to the end would present an account as an assertion.",Carrier and collection not stated.,"Selon la legende, Eri, ancetre mythique des Igbo, aurait engendre un fils (Ojoja) dont le descendant Onoja fonda le royaume d'Igala a Idah.",kept: an account
68,dataset/source/afrik/peuples/FLG_BENOUECONGO/PPL_IGEDE.json,/content/origins/ancientOrigins,B,"The phrase names the status of an account (tradition, legend, myth, testimony): it tells the reader whose voice this is. Kept as it is, because moving it to the end would present an account as an assertion.",Carrier and collection not stated.,"Selon la tradition orale, les Igede tracent leur origine à Sabon Gida Ora dans l'actuel Benue State.",kept: an account
69,dataset/source/afrik/peuples/FLG_BENOUECONGO/PPL_JUKUN.json,/content/origins/ancientOrigins,B,"The phrase names the status of an account (tradition, legend, myth, testimony): it tells the reader whose voice this is. Kept as it is, because moving it to the end would present an account as an assertion.",Carrier and collection not stated.,"Selon les traditions orales jukun, le peuple serait originaire du Yémen et aurait migre vers l'Afrique subsaharienne sous la conduite d'un ancetre nomme Agadu.",kept: an account
70,dataset/source/afrik/peuples/FLG_BENOUECONGO/PPL_KALAIBARI.json,/content/origins/ancientOrigins,B,"The phrase names the status of an account (tradition, legend, myth, testimony): it tells the reader whose voice this is. Kept as it is, because moving it to the end would present an account as an assertion.",Carrier and collection not stated.,"Selon la tradition orale, leur ancetre eponyme Perebo Kalabari etait le fils de Meinowei (Mein Owei), lui-meme chef d'une lignee de colons ijaw.",kept: an account
71,dataset/source/afrik/peuples/FLG_BENOUECONGO/PPL_KUTAEB.json,/content/origins/ancientOrigins,B,"The phrase names the status of an account (tradition, legend, myth, testimony): it tells the reader whose voice this is. Kept as it is, because moving it to the end would present an account as an assertion.",Carrier and collection not stated.,"Selon la tradition orale, les Kuteb migrerent depuis l'Egypte vers l'an 1000 ap.",kept: an account
72,dataset/source/afrik/peuples/FLG_BENOUECONGO/PPL_NUPE.json,/content/origins/ancientOrigins,B,"The phrase names the status of an account (tradition, legend, myth, testimony): it tells the reader whose voice this is. Kept as it is, because moving it to the end would present an account as an assertion.",Carrier and collection not stated.,"Selon la tradition, le fondateur Tsoede (Edegi), chef igala, prit le titre d'Etsu (roi) et unifia les tribus voisines par la conquete.",kept: an account
73,dataset/source/afrik/peuples/FLG_BENOUECONGO/PPL_YOHOURE.json,/content/languages/vehicularRole,F,Not an attribution: « selon » means « depending on ».,,"Selon leur localisation geographique, les Yaouré parlent soit le yaouré mande, soit le baoulé (Akan).",nothing to do
74,dataset/source/afrik/peuples/FLG_BERBERE/PPL_AIT_ATTA.json,/content/origins/ancientOrigins,B,"The phrase names the status of an account (tradition, legend, myth, testimony): it tells the reader whose voice this is. Kept as it is, because moving it to the end would present an account as an assertion.",Carrier or collection named in the sentence.,"Selon la tradition fondatrice, tous quarante furent tues lors d'une trahison par les gens du berger Ait Siddrat le jour de leur mariage collectif.",kept: an account
75,dataset/source/afrik/peuples/FLG_BERBERE/PPL_AIT_HDZ.json,/content/origins/ancientOrigins,B,"The phrase names the status of an account (tradition, legend, myth, testimony): it tells the reader whose voice this is. Kept as it is, because moving it to the end would present an account as an assertion.",Carrier and collection not stated.,"Selon la tradition orale, ils descendent de Hadiddu, l'un des cinq fils de Midul, ancetre eponyme de la region du Midoul.",kept: an account
76,dataset/source/afrik/peuples/FLG_BERBERE/PPL_CHLEUH.json,/content/languages/vehicularRole,A,"Single attributed claim from a written, statistical or institutional source: the claim can lead and the source follow, without changing its certainty.",,"Selon le recensement marocain 2024, 14,2% de la population (environ 5,2 millions de personnes) le parlent comme premiere langue.",reordered in batch 5
77,dataset/source/afrik/peuples/FLG_BERBERE/PPL_GHOMARA.json,/content/origins/ancientOrigins,B,"The phrase names the status of an account (tradition, legend, myth, testimony): it tells the reader whose voice this is. Kept as it is, because moving it to the end would present an account as an assertion.",Carrier and collection not stated.,"Selon la tradition orale et les chroniques médiévales, leur territoire fut autrefois peuplé par les Ahl Sous (gens du Sous), terme qui désignait alors l'ensemble de l'Atlantique marocain de Tanger à Agadir.",kept: an account
78,dataset/source/afrik/peuples/FLG_COUCHITIQUE/PPL_BILEN.json,/content/origins/ancientOrigins,B,"The phrase names the status of an account (tradition, legend, myth, testimony): it tells the reader whose voice this is. Kept as it is, because moving it to the end would present an account as an assertion.",Carrier and collection not stated.,"Selon la tradition orale locale, les Bilen ont migre vers le plateau erythreen depuis la region de Lasta (nord de l'Ethiopie actuelle) aux environs du 9e ou 10e siecle, conduits par leur chef fondateur Gebre Tarqe.",kept: an account
79,dataset/source/afrik/peuples/FLG_COUCHITIQUE/PPL_BODI.json,/content/origins/ancientOrigins,B,"The phrase names the status of an account (tradition, legend, myth, testimony): it tells the reader whose voice this is. Kept as it is, because moving it to the end would present an account as an assertion.",Carrier and collection not stated.,"Selon leur mythe de creation, leurs ancêtres ont émergé d'un trou dans le sol.",kept: an account
80,dataset/source/afrik/peuples/FLG_COUCHITIQUE/PPL_GIDOLE.json,/content/organization/religiousAuthority,A,"Single attributed claim from a written, statistical or institutional source: the claim can lead and the source follow, without changing its certainty.",,"Selon le recensement de 2007, 50 % de la population de la zone est protestante, 34 % orthodoxe et 13 % animiste.",reordered in batch 5
81,dataset/source/afrik/peuples/FLG_COUCHITIQUE/PPL_HADIYA.json,/content/appellations/originOfExonyms,B,"The phrase names the status of an account (tradition, legend, myth, testimony): it tells the reader whose voice this is. Kept as it is, because moving it to the end would present an account as an assertion.",The field holds a second attribution.,"Selon une etymologie populaire, le nom Hadiya signifie 'don de Dieu'.",kept: an account
82,dataset/source/afrik/peuples/FLG_COUCHITIQUE/PPL_LIBIDO.json,/content/origins/ancientOrigins,B,"The phrase names the status of an account (tradition, legend, myth, testimony): it tells the reader whose voice this is. Kept as it is, because moving it to the end would present an account as an assertion.",Carrier and collection not stated.,"Selon les traditions orales, une partie du groupe est issue d'une migration depuis la region Hadiya vers leur habitat actuel, avec lequel ils se sont melanges par mariage et ont adopte des elements culturels hadiya.",kept: an account
83,dataset/source/afrik/peuples/FLG_COUCHITIQUE/PPL_MOCHA.json,/content/organization/religiousAuthority,A,"Single attributed claim from a written, statistical or institutional source: the claim can lead and the source follow, without changing its certainty.",,"Selon le recensement de 2007, dans la zone de Sheka, 39,93 % sont protestants et 39,39 % sont orthodoxes ethiopiens.",reordered in batch 5
84,dataset/source/afrik/peuples/FLG_COUCHITIQUE/PPL_MOSIYE.json,/content/origins/majorHistoricalEvents,B,"The phrase names the status of an account (tradition, legend, myth, testimony): it tells the reader whose voice this is. Kept as it is, because moving it to the end would present an account as an assertion.",Carrier and collection not stated.,"Selon la tradition orale, ils n'ont ete definitivement soumis qu'en 1897.",kept: an account
85,dataset/source/afrik/peuples/FLG_COUCHITIQUE/PPL_QABENA.json,/content/origins/ancientOrigins,B,"The phrase names the status of an account (tradition, legend, myth, testimony): it tells the reader whose voice this is. Kept as it is, because moving it to the end would present an account as an assertion.",Carrier and collection not stated.,"Selon la tradition orale, ils auraient primitivement parle une langue semitique proche du Silt'e avant d'adopter le cushitique Timbaro, puis le dialecte K'abeena de la langue Alaba-K'abeena.",kept: an account
86,dataset/source/afrik/peuples/FLG_COUCHITIQUE/PPL_QEMANT.json,/content/origins/ancientOrigins,B,"The phrase names the status of an account (tradition, legend, myth, testimony): it tells the reader whose voice this is. Kept as it is, because moving it to the end would present an account as an assertion.",Carrier and collection not stated.,"Selon la tradition orale qemant, ils descendent de Yaner (aussi appele Ayaner), petit-fils de Canaan, quatrieme fils de Cham, fils de Noe.",kept: an account
87,dataset/source/afrik/peuples/FLG_COUCHITIQUE/PPL_QEMANT.json,/content/origins/formationPeriod,B,"The phrase names the status of an account (tradition, legend, myth, testimony): it tells the reader whose voice this is. Kept as it is, because moving it to the end would present an account as an assertion.",Carrier and collection not stated.,"Selon la tradition, Noe et sa famille vecurent au mont Guna ; Sem et Japhet partirent vers l'Asie et le Moyen-Orient, tandis que Noe et Cham resterent en Ethiopie jusqu'a la mort de Noe.",kept: an account
88,dataset/source/afrik/peuples/FLG_COUCHITIQUE/PPL_QEMANT.json,/content/demography/distributionByCountry/0/note,E,"Its source has to be read before any wording moves: a ranking or evaluative judgment, a partisan or provider figure, an unnamed single source on a contested claim, or an inference.",A partisan figure (« les militants »); who says it is the claim.,"Selon les militants, la population serait de 900 000+.",open: read the source first
89,dataset/source/afrik/peuples/FLG_COUCHITIQUE/PPL_SHINASHA.json,/content/origins/ancientOrigins,B,"The phrase names the status of an account (tradition, legend, myth, testimony): it tells the reader whose voice this is. Kept as it is, because moving it to the end would present an account as an assertion.","The tradition is documented by Joshua Project, an organisation of religious orientation: the collector is a provider, not a carrier.","Selon la tradition orale documentee par le Joshua Project, leurs ancetres (les Amatis) seraient originaires de Canaan, ayant migre via l'Egypte avant de s'etablir dans la region de Metekel.",kept: an account
90,dataset/source/afrik/peuples/FLG_COUCHITIQUE/PPL_SIDAMA.json,/content/languages/vehicularRole,A,"Single attributed claim from a written, statistical or institutional source: the claim can lead and the source follow, without changing its certainty.",,"Selon le recensement de 1994, 99,5% des Sidama le parlent comme langue maternelle.",reordered in batch 5
91,dataset/source/afrik/peuples/FLG_COUCHITIQUE/PPL_SURI.json,/content/origins/ancientOrigins,B,"The phrase names the status of an account (tradition, legend, myth, testimony): it tells the reader whose voice this is. Kept as it is, because moving it to the end would present an account as an assertion.",Carrier and collection not stated.,"Selon la tradition orale suri, le groupe est originaire du Plateau de Boma (actuel Soudan du Sud), de la vallee de l'Omo et du Plateau de Gobi de Maji.",kept: an account
92,dataset/source/afrik/peuples/FLG_COUCHITIQUE/PPL_TIMBARO.json,/content/origins/ancientOrigins,B,"The phrase names the status of an account (tradition, legend, myth, testimony): it tells the reader whose voice this is. Kept as it is, because moving it to the end would present an account as an assertion.",Carrier and collection not stated.,"Selon la tradition orale, Molla serait l'ancetre commun, dont les sept fils (Lamalla Molla) formerent les sept groupes claniaux fondateurs.",kept: an account
93,dataset/source/afrik/peuples/FLG_CREOLE/PPL_FORROS.json,/content/languages/vehicularRole,C,"Introduces one of several accounts, and the frame is what keeps them apart. Reorder every account of the field together, or none.",Sets an official figure against a « traditional estimate »; the contrast needs both sources named.,"Selon les statistiques officielles, seulement 36,2% de la population le parle encore en 2012 (contre une estimation traditionnelle de 81,7%).",open: move the accounts together
94,dataset/source/afrik/peuples/FLG_GUR/PPL_BARIBA.json,/content/origins/ancientOrigins,B,"The phrase names the status of an account (tradition, legend, myth, testimony): it tells the reader whose voice this is. Kept as it is, because moving it to the end would present an account as an assertion.",Carrier and collection not stated.,"Selon la tradition orale, les Wasangari, cavaliers migrants venant de l'Est (Bussa, actuel Nigeria), arrivèrent vers 1480.",kept: an account
95,dataset/source/afrik/peuples/FLG_GUR/PPL_BUSSA.json,/content/origins/ancientOrigins,B,"The phrase names the status of an account (tradition, legend, myth, testimony): it tells the reader whose voice this is. Kept as it is, because moving it to the end would present an account as an assertion.",Carrier and collection not stated.,"Selon certaines traditions orales, Rialle, ancetre eponyme de la lignee royale Nakomse des Mossi, etait d'origine Busansi, temoignant d'une longue histoire d'interaction et de metissage.",kept: an account
96,dataset/source/afrik/peuples/FLG_GUR/PPL_BUSSA.json,/content/historicalRole/kingdomsOrChiefdoms,B,"The phrase names the status of an account (tradition, legend, myth, testimony): it tells the reader whose voice this is. Kept as it is, because moving it to the end would present an account as an assertion.",Carrier and collection not stated.,"Selon les traditions orales mossi, un ancetre Busansi (Rialle) est l'origine de la lignee royale Nakomse des Mossi, temoignant de l'anciennete et du prestige des Bissa dans la region.",kept: an account
97,dataset/source/afrik/peuples/FLG_GUR/PPL_FRAFRA.json,/content/appellations/originOfExonyms,C,"Introduces one of several accounts, and the frame is what keeps them apart. Reorder every account of the field together, or none.",,"Selon une autre version, le terme vient de la formule de bienvenue furra furra criée en frappant dans les mains.",open: move the accounts together
98,dataset/source/afrik/peuples/FLG_GUR/PPL_MOSSI.json,/content/origins/ancientOrigins,B,"The phrase names the status of an account (tradition, legend, myth, testimony): it tells the reader whose voice this is. Kept as it is, because moving it to the end would present an account as an assertion.",Carrier and collection not stated.,"Selon la tradition mossi, les Mossi descendent de la princesse Yennenga, fille du roi Nedega, souverain mamprusi d'un royaume situé dans l'actuel nord du Ghana.",kept: an account
99,dataset/source/afrik/peuples/FLG_GUR/PPL_NABT.json,/content/origins/ancientOrigins,B,"The phrase names the status of an account (tradition, legend, myth, testimony): it tells the reader whose voice this is. Kept as it is, because moving it to the end would present an account as an assertion.",Carrier or collection named in the sentence.,"Selon la tradition orale rapportee dans les etudes locales, les Nabit etaient anciennement associes au royaume Mossi (Mamprugu).",kept: an account
100,dataset/source/afrik/peuples/FLG_GUR/PPL_NANKANA.json,/content/origins/ancientOrigins,B,"The phrase names the status of an account (tradition, legend, myth, testimony): it tells the reader whose voice this is. Kept as it is, because moving it to the end would present an account as an assertion.",Carrier and collection not stated.,"Selon la legende Atarebore, les Dagomba, Gurune et Dagao etaient freres ou cousins, originaires d'Afrique australe, migrant vers le nord puis vers l'ouest, a travers le Nigeria septentrional pour atteindre le Ghana.",kept: an account
101,dataset/source/afrik/peuples/FLG_GUR/PPL_OTAMARI_SOMBA.json,/content/origins/ancientOrigins,B,"The phrase names the status of an account (tradition, legend, myth, testimony): it tells the reader whose voice this is. Kept as it is, because moving it to the end would present an account as an assertion.",Carrier and collection not stated.,"Selon la tradition orale, les Batammariba sont les descendants de la Mere-Serpent souterraine, etre fondateur invisible qui pondit les premiers oeufs ancestraux.",kept: an account
102,dataset/source/afrik/peuples/FLG_KHOE/PPL_KWADI.json,/content/culture/majorRites,E,"Its source has to be read before any wording moves: a ranking or evaluative judgment, a partisan or provider figure, an unnamed single source on a contested claim, or an inference.",An inference from analogy with neighbouring groups; the basis is part of the claim.,"D'apres les analogies avec les groupes Khoisan voisins et les donnees collectees par Westphal, les Kwadi pratiquaient des rites de passage lies a la puberté (seclusion, peinture corporelle a l'ocre), des ceremonies de peche rituelle au debut de la saison de peche sur la riviere Coroca, et des rites ",open: read the source first
103,dataset/source/afrik/peuples/FLG_KROU/PPL_BETE.json,/content/origins/ancientOrigins,B,"The phrase names the status of an account (tradition, legend, myth, testimony): it tells the reader whose voice this is. Kept as it is, because moving it to the end would present an account as an assertion.",Carrier and collection not stated.,"Selon la tradition orale, les Bété portent l'ethnonyme Magwé et partagent un ancêtre commun avec les peuples Wé, figure mythique nommée Gadi.",kept: an account
104,dataset/source/afrik/peuples/FLG_KROU/PPL_DIDA.json,/content/origins/ancientOrigins,B,"The phrase names the status of an account (tradition, legend, myth, testimony): it tells the reader whose voice this is. Kept as it is, because moving it to the end would present an account as an assertion.",Carrier and collection not stated.,"Selon la tradition orale et les études historiques, ils sont originaires de la côte libérienne et font partie des peuples Krou ayant migré vers les forêts côtières de la Côte d'Ivoire.",kept: an account
105,dataset/source/afrik/peuples/FLG_KROU/PPL_GBODJIBO.json,/content/origins/ancientOrigins,B,"The phrase names the status of an account (tradition, legend, myth, testimony): it tells the reader whose voice this is. Kept as it is, because moving it to the end would present an account as an assertion.",Carrier and collection not stated.,"Selon les traditions orales krou, ces populations descendent des groupes ayant migré depuis les régions forestières libériennes et guinéennes vers la Côte d'Ivoire entre le 13e et le 15e siècle.",kept: an account
106,dataset/source/afrik/peuples/FLG_KROU/PPL_KLAO.json,/content/origins/ancientOrigins,B,"The phrase names the status of an account (tradition, legend, myth, testimony): it tells the reader whose voice this is. Kept as it is, because moving it to the end would present an account as an assertion.",Carrier or collection named in the sentence.,"Selon la tradition orale collectée par James Connelly au milieu du XIXe siècle, leurs ancêtres vivaient à l'intérieur des terres, dans un lieu appelé Claho, et ont migré vers la côte en descendant le Poor River il y a environ cent à cent cinquante ans (soit vers le XVIIIe siècle).",kept: an account
107,dataset/source/afrik/peuples/FLG_KROU/PPL_KOUZIE.json,/content/origins/ancientOrigins,B,"The phrase names the status of an account (tradition, legend, myth, testimony): it tells the reader whose voice this is. Kept as it is, because moving it to the end would present an account as an assertion.",Carrier and collection not stated.,"Selon la tradition orale, l'ancêtre Goze aurait fui une guerre au Liberia et trouvé refuge chez les gens de Kouézé, donnant naissance au rameau qui deviendra les Kouzié.",kept: an account
108,dataset/source/afrik/peuples/FLG_KROU/PPL_KROUMEN.json,/content/origins/ancientOrigins,B,"The phrase names the status of an account (tradition, legend, myth, testimony): it tells the reader whose voice this is. Kept as it is, because moving it to the end would present an account as an assertion.",Carrier and collection not stated.,"Selon une tradition citée dans les sources ivoiriennes, le peuple Kroumen serait parti du delta du Nil et aurait effectué une longue migration vers l'Afrique de l'Ouest.",kept: an account
109,dataset/source/afrik/peuples/FLG_KROU/PPL_KROU_MACRO.json,/content/appellations/originOfExonyms,E,"Its source has to be read before any wording moves: a ranking or evaluative judgment, a partisan or provider figure, an unnamed single source on a contested claim, or an inference.",« l'hypothèse la plus solide » ranks readings without saying who ranked them.,"Selon l'hypothèse la plus solide, il dérive du nom propre Klao (ou Krao), l'autodesignation du peuple aujourd'hui appelé Klao.",open: read the source first
110,dataset/source/afrik/peuples/FLG_KROU/PPL_MAHN.json,/content/origins/ancientOrigins,B,"The phrase names the status of an account (tradition, legend, myth, testimony): it tells the reader whose voice this is. Kept as it is, because moving it to the end would present an account as an assertion.",Carrier or collection named in the sentence.,"Selon la tradition orale recueillie par John Gbatu (1919-2010), le nom Nimba vient du mot mano Niemba/Nyamba Tun signifiant les collines sur lesquelles les jeunes filles glissent et tombent.",kept: an account
111,dataset/source/afrik/peuples/FLG_KROU/PPL_NIABOUA.json,/content/origins/ancientOrigins,B,"The phrase names the status of an account (tradition, legend, myth, testimony): it tells the reader whose voice this is. Kept as it is, because moving it to the end would present an account as an assertion.",Carrier or collection named in the sentence.,"Selon la tradition orale collectée par D. Paulme à Zakogbeu (Zoukougbeu), l'ancêtre le plus reculé des Niaboua est Goze, qui aurait fui le Liberia actuel à la suite d'une guerre et trouvé refuge chez les gens de Kouézé (Bakoué).",kept: an account
112,dataset/source/afrik/peuples/FLG_KROU/PPL_NYABWA.json,/content/origins/ancientOrigins,B,"The phrase names the status of an account (tradition, legend, myth, testimony): it tells the reader whose voice this is. Kept as it is, because moving it to the end would present an account as an assertion.",Carrier or collection named in the sentence.,"Selon la tradition orale recueillie par D. Paulme dans le village de Zakogbeu, l'ancetre fondateur des Nyabwa se nommait Goze.",kept: an account
113,dataset/source/afrik/peuples/FLG_KROU/PPL_WE.json,/content/origins/ancientOrigins,B,"The phrase names the status of an account (tradition, legend, myth, testimony): it tells the reader whose voice this is. Kept as it is, because moving it to the end would present an account as an assertion.",Carrier and collection not stated.,"Selon la tradition orale nyabwa (voisins proches), les Wobe partagent un ancetre commun avec les Bete et les Niaboua (fils de Goze, venu du Liberia).",kept: an account
114,dataset/source/afrik/peuples/FLG_KWA/PPL_ABRON.json,/content/origins/ancientOrigins,B,"The phrase names the status of an account (tradition, legend, myth, testimony): it tells the reader whose voice this is. Kept as it is, because moving it to the end would present an account as an assertion.",Carrier and collection not stated.,"Selon la tradition orale, leurs ancetres sont issus d'Akwamu, une puissance Akan situee au sud-est du Ghana pres de la riviere Volta.",kept: an account
115,dataset/source/afrik/peuples/FLG_KWA/PPL_ADELE.json,/content/origins/ancientOrigins,B,"The phrase names the status of an account (tradition, legend, myth, testimony): it tells the reader whose voice this is. Kept as it is, because moving it to the end would present an account as an assertion.",Carrier and collection not stated.,"Selon les traditions orales, les Adele pretendent etre descendus du ciel par une chaine, emmenant avec eux leurs deux dieux, Nayo et Efriko.",kept: an account
116,dataset/source/afrik/peuples/FLG_KWA/PPL_ADJA.json,/content/organization/religiousAuthority,E,"Its source has to be read before any wording moves: a ranking or evaluative judgment, a partisan or provider figure, an unnamed single source on a contested claim, or an inference.",« une source » is unnamed and carries a contested origin claim (vodun).,"Selon une source, le vodun trouve son origine chez les Adja, dont les pratiques rituelles se sont diffusées vers les Fon, les Ewe et jusque dans les Amériques via la traite.",open: read the source first
117,dataset/source/afrik/peuples/FLG_KWA/PPL_ANLO.json,/content/origins/ancientOrigins,B,"The phrase names the status of an account (tradition, legend, myth, testimony): it tells the reader whose voice this is. Kept as it is, because moving it to the end would present an account as an assertion.",Carrier and collection not stated.,"Selon la tradition orale, leurs ancetres ont migre vers Notsie, une cite fortifiee de l'actuel Togo, ou ils furent bien accueillis par le roi Adela Atogble.",kept: an account
118,dataset/source/afrik/peuples/FLG_KWA/PPL_ASANTE.json,/content/origins/ancientOrigins,B,"The phrase names the status of an account (tradition, legend, myth, testimony): it tells the reader whose voice this is. Kept as it is, because moving it to the end would present an account as an assertion.",Carrier and collection not stated.,"Selon la tradition orale, leurs ancetres provenaient de Bono-Manso (region de Brong-Ahafo actuelle), avant de migrer vers la region centrale.",kept: an account
119,dataset/source/afrik/peuples/FLG_KWA/PPL_ATTIE.json,/content/origins/ancientOrigins,B,"The phrase names the status of an account (tradition, legend, myth, testimony): it tells the reader whose voice this is. Kept as it is, because moving it to the end would present an account as an assertion.",Carrier and collection not stated.,"Selon la tradition orale, leurs ancêtres faisaient partie de la branche armée d'élite des Achantis, surnommée les porcs-épics (guerriers d'avant-garde).",kept: an account
120,dataset/source/afrik/peuples/FLG_KWA/PPL_ATTIE.json,/content/origins/ancientOrigins,B,"The phrase names the status of an account (tradition, legend, myth, testimony): it tells the reader whose voice this is. Kept as it is, because moving it to the end would present an account as an assertion.",Carrier and collection not stated.,"Selon la légende, les Akyé s'emparèrent de la lame tandis que les Ashanti conservaient le manche.",kept: an account
121,dataset/source/afrik/peuples/FLG_KWA/PPL_BRONG.json,/content/origins/ancientOrigins,B,"The phrase names the status of an account (tradition, legend, myth, testimony): it tells the reader whose voice this is. Kept as it is, because moving it to the end would present an account as an assertion.",Carrier and collection not stated.,"Selon les traditions orales de Takyiman, les Bono furent les premiers Akan a developper un Etat; les autres Etats akan emboiteraient le pas.",kept: an account
122,dataset/source/afrik/peuples/FLG_KWA/PPL_CHUMBURUNG.json,/content/origins/migrationRoutes/0,C,"Introduces one of several accounts, and the frame is what keeps them apart. Reorder every account of the field together, or none.",,"Selon la theorie 1 : depuis la region Fante vers Tafo puis vers le nord avec les Gonja (vers 1600), traversee de Brong-Ahafo et du fleuve Volta jusqu'a la riviere Daka",open: move the accounts together
123,dataset/source/afrik/peuples/FLG_KWA/PPL_CHUMBURUNG.json,/content/origins/migrationRoutes/1,C,"Introduces one of several accounts, and the frame is what keeps them apart. Reorder every account of the field together, or none.",,Selon la theorie 2 : depuis la region Larteh vers le nord via les plaines d'Afram,open: move the accounts together
124,dataset/source/afrik/peuples/FLG_KWA/PPL_DANGME.json,/content/origins/ancientOrigins,B,"The phrase names the status of an account (tradition, legend, myth, testimony): it tells the reader whose voice this is. Kept as it is, because moving it to the end would present an account as an assertion.",Carrier and collection not stated.,"Selon la tradition, les proto-Dangme se dénommaient La li (gens de La).",kept: an account
125,dataset/source/afrik/peuples/FLG_KWA/PPL_GA.json,/content/origins/ancientOrigins,B,"The phrase names the status of an account (tradition, legend, myth, testimony): it tells the reader whose voice this is. Kept as it is, because moving it to the end would present an account as an assertion.",Carrier and collection not stated.,"Selon la tradition orale, les Ga sont originaires de la région du lac Tchad.",kept: an account
126,dataset/source/afrik/peuples/FLG_KWA/PPL_GA_DANGME.json,/content/origins/ancientOrigins,B,"The phrase names the status of an account (tradition, legend, myth, testimony): it tells the reader whose voice this is. Kept as it is, because moving it to the end would present an account as an assertion.",Carrier and collection not stated.,"Selon les traditions orales Ga, le peuple Ga serait venu de la region du lac Tchad, puis aurait migre en passant par le Niger, le Nigeria, le Togo, avant d'atteindre les plaines d'Accra au 16e siecle.",kept: an account
127,dataset/source/afrik/peuples/FLG_KWA/PPL_KRACHI.json,/content/appellations/originOfExonyms,B,"The phrase names the status of an account (tradition, legend, myth, testimony): it tells the reader whose voice this is. Kept as it is, because moving it to the end would present an account as an assertion.",Carrier and collection not stated.,"Selon la tradition orale, lorsque les ancetres krakye voulaient quitter leurs seigneurs akyem en raison des tributs excessifs, ces derniers les teaserent en disant Ka-akye-won, signifiant ils sont devenus insolvables en akan.",kept: an account
128,dataset/source/afrik/peuples/FLG_KWA/PPL_KROBO.json,/content/origins/ancientOrigins,B,"The phrase names the status of an account (tradition, legend, myth, testimony): it tells the reader whose voice this is. Kept as it is, because moving it to the end would present an account as an assertion.",Carrier and collection not stated.,"Selon la tradition orale, le peuple dangme voyagea initialement en un seul groupe et se divisa en sept sous-groupes distincts a Lolovo (Tagologo Plains), un terme ewe signifiant l'amour est fini, apres leur arrivee au Ghana.",kept: an account
129,dataset/source/afrik/peuples/FLG_KWA/PPL_LARTEH.json,/content/origins/ancientOrigins,B,"The phrase names the status of an account (tradition, legend, myth, testimony): it tells the reader whose voice this is. Kept as it is, because moving it to the end would present an account as an assertion.",Carrier and collection not stated.,"Selon la tradition orale, ils vivaient autrefois dans les savanes du nord, vendant de la poterie, des epices et de l'or dans la region des Mossi.",kept: an account
130,dataset/source/afrik/peuples/FLG_KWA/PPL_LOGBA.json,/content/origins/migrationRoutes/0,C,"Introduces one of several accounts, and the frame is what keeps them apart. Reorder every account of the field together, or none.",,Selon l'hypothese Gbe: depuis Ketu (actuel Benin) vers l'ouest,open: move the accounts together
131,dataset/source/afrik/peuples/FLG_KWA/PPL_LOGBA.json,/content/origins/migrationRoutes/1,C,"Introduces one of several accounts, and the frame is what keeps them apart. Reorder every account of the field together, or none.",,Selon l'hypothese Guan: depuis la region des Mako vers le sud au 18e siecle,open: move the accounts together
132,dataset/source/afrik/peuples/FLG_KWA/PPL_NCHUMURU.json,/content/origins/ancientOrigins,B,"The phrase names the status of an account (tradition, legend, myth, testimony): it tells the reader whose voice this is. Kept as it is, because moving it to the end would present an account as an assertion.",Carrier and collection not stated.,"Selon les traditions Gonja, les Nchumuru faisaient partie de l'armee envahissante de Ndewura Jakpa, le fondateur legendaire du royaume Gonja au XVIIe siecle.",kept: an account
133,dataset/source/afrik/peuples/FLG_KWA/PPL_NKONYA.json,/content/origins/ancientOrigins,B,"The phrase names the status of an account (tradition, legend, myth, testimony): it tells the reader whose voice this is. Kept as it is, because moving it to the end would present an account as an assertion.",Carrier and collection not stated.,"Selon la tradition orale nkonya, les ancetres venaient d'un lieu appele Kpembe (la Hache de Pierre) pres de Salaga, puis descendirent vers la cote pour s'etablir a Cape Coast.",kept: an account
134,dataset/source/afrik/peuples/FLG_KWA/PPL_NKONYA.json,/content/historicalRole/conflictsOrAlliances,B,"The phrase names the status of an account (tradition, legend, myth, testimony): it tells the reader whose voice this is. Kept as it is, because moving it to the end would present an account as an assertion.",Carrier and collection not stated.,"Selon la tradition, la proximite historique avec les Larteh (Guan des montagnes Akwapim) a laisse des traces phonologiques dans le dialecte sud.",kept: an account
135,dataset/source/afrik/peuples/FLG_KWA/PPL_SIWU.json,/content/origins/ancientOrigins,B,"The phrase names the status of an account (tradition, legend, myth, testimony): it tells the reader whose voice this is. Kept as it is, because moving it to the end would present an account as an assertion.",Carrier and collection not stated.,"Selon leurs traditions orales, ils descendent de groupes Guan qui ont migre depuis l'Adansi et la region d'Akyem Abuakwa, traversant la Volta pour s'etablir dans les collines du Buem.",kept: an account
136,dataset/source/afrik/peuples/FLG_KWA/PPL_TONGU.json,/content/origins/ancientOrigins,B,"The phrase names the status of an account (tradition, legend, myth, testimony): it tells the reader whose voice this is. Kept as it is, because moving it to the end would present an account as an assertion.",Carrier and collection not stated.,"Selon la tradition orale, c'est la tyrannie du roi Agokoli (Ago Akoli) au XVIIe siecle qui provoqua leur fuite et leur dispersion vers leurs territoires actuels.",kept: an account
137,dataset/source/afrik/peuples/FLG_KWA/PPL_TWIFO.json,/content/origins/ancientOrigins,B,"The phrase names the status of an account (tradition, legend, myth, testimony): it tells the reader whose voice this is. Kept as it is, because moving it to the end would present an account as an assertion.",Carrier or collection named in the sentence.,"Selon leurs traditions orales (rapportees notamment par F.K. Buah et l'historien Ivor Wilks), leurs ancetres ont migre depuis l'Etat de Bono (Bonoland) en passant par la region d'Adansi avant de s'etablir pres des rivieres Ofin et Pra.",kept: an account
138,dataset/source/afrik/peuples/FLG_KWA/PPL_TWIFO.json,/content/languages/vehicularRole,B,"The phrase names the status of an account (tradition, legend, myth, testimony): it tells the reader whose voice this is. Kept as it is, because moving it to the end would present an account as an assertion.",Carrier and collection not stated.,"Selon leur tradition orale, ils considerent leur variante du Twi comme la plus pure des langues akan.",kept: an account
139,dataset/source/afrik/peuples/FLG_MANDE/PPL_BOSO.json,/content/origins/ancientOrigins,B,"The phrase names the status of an account (tradition, legend, myth, testimony): it tells the reader whose voice this is. Kept as it is, because moving it to the end would present an account as an assertion.",Carrier and collection not stated.,"Selon la tradition orale, les Bozo sont les descendants de Faro, l'esprit de l'eau et dieu createur.",kept: an account
140,dataset/source/afrik/peuples/FLG_MANDE/PPL_GBANDI.json,/content/origins/ancientOrigins,B,"The phrase names the status of an account (tradition, legend, myth, testimony): it tells the reader whose voice this is. Kept as it is, because moving it to the end would present an account as an assertion.",Carrier and collection not stated.,"Selon la tradition orale, les Gbandi ont migre depuis le Soudan (region africaine) a la fin du XVIIe siecle.",kept: an account
141,dataset/source/afrik/peuples/FLG_MANDE/PPL_MALINKE.json,/content/origins/ancientOrigins,B,"The phrase names the status of an account (tradition, legend, myth, testimony): it tells the reader whose voice this is. Kept as it is, because moving it to the end would present an account as an assertion.",Carrier and collection not stated.,"Selon une tradition orale, les ancêtres chasseurs fondateurs du Manden, Kontron et Sanin (fraternité des chasseurs), sont les ancêtres mythiques des Malinké et des Bambara, et la famille Camara (Kamara), la plus ancienne du Manden, aurait quitté le Wagadou lors d'une sécheresse pour fonder les premi",kept: an account
142,dataset/source/afrik/peuples/FLG_MANDE/PPL_MALINKE.json,/content/origins/formationPeriod,B,"The phrase names the status of an account (tradition, legend, myth, testimony): it tells the reader whose voice this is. Kept as it is, because moving it to the end would present an account as an assertion.",Carrier and collection not stated.,"Selon la tradition, seize rois ont précédé Soundiata Keïta au Manden, les premiers étant des maîtres chasseurs (simbon) ; les listes varient d'une école de griots à l'autre.",kept: an account
143,dataset/source/afrik/peuples/FLG_MANDE/PPL_MANDE_DU_SUD.json,/content/origins/ancientOrigins,A,"Single attributed claim from a written, statistical or institutional source: the claim can lead and the source follow, without changing its certainty.",« les sources historiques » is unnamed and the verb « envahi » is strong: name the source first.,"Selon les sources historiques, des locuteurs de langues mande du sud ont envahi la cote ouest-africaine depuis l'est lors de la premiere moitie du XVIe siecle, sous le nom de Mane en Sierra Leone et au Liberia.",reordered in batch 5
144,dataset/source/afrik/peuples/FLG_MANDE/PPL_MENDE.json,/content/origins/ancientOrigins,B,"The phrase names the status of an account (tradition, legend, myth, testimony): it tells the reader whose voice this is. Kept as it is, because moving it to the end would present an account as an assertion.",Carrier and collection not stated.,"Selon la tradition orale, les Mende sont issus du melange de deux peuples: des chasseurs et pecheurs vivant en petits groupes pacifiques, et des migrants venus de la region de Moussadou (Guinee actuelle) au 16e siecle, apportant l'art de la guerre et construisant de plus grandes communautes.",kept: an account
145,dataset/source/afrik/peuples/FLG_MANDE/PPL_SOUSSOU.json,/content/origins/formationPeriod,B,"The phrase names the status of an account (tradition, legend, myth, testimony): it tells the reader whose voice this is. Kept as it is, because moving it to the end would present an account as an assertion.",Carrier and collection not stated.,"Selon la tradition, la capitale du royaume de Soso se trouvait dans les montagnes de la region de Koulikoro, a environ quatre-vingts kilometres au nord de Bamako ; aucune fouille n'en a encore identifie les ruines.",kept: an account
146,dataset/source/afrik/peuples/FLG_MANDE/PPL_SOUSSOU.json,/content/origins/migrationRoutes/0,C,"Introduces one of several accounts, and the frame is what keeps them apart. Reorder every account of the field together, or none.",,"Selon une lecture : migration depuis Wagadu (Empire du Ghana) vers le sud, fondation de Sosso pres de Koulikoro (12e siecle)",open: move the accounts together
147,dataset/source/afrik/peuples/FLG_MANDE/PPL_SOUSSOU.json,/content/origins/migrationRoutes/1,C,"Introduces one of several accounts, and the frame is what keeps them apart. Reorder every account of the field together, or none.",,"Selon une lecture : repli vers l'ouest apres la defaite de l'Empire du Sosso (13e siecle, bataille de Kirina)",open: move the accounts together
148,dataset/source/afrik/peuples/FLG_MANDE/PPL_WAN.json,/content/origins/ancientOrigins,B,"The phrase names the status of an account (tradition, legend, myth, testimony): it tells the reader whose voice this is. Kept as it is, because moving it to the end would present an account as an assertion.",Carrier or collection named in the sentence.,"Selon les traditions orales collectees par Niangoran Bouah (1997), ils appartiennent a l'ancien groupe ethnique Kwanin, localise entre la Sassandra et la rive est du Comoe.",kept: an account
149,dataset/source/afrik/peuples/FLG_MANDE/PPL_YALUNKA.json,/content/origins/ancientOrigins,B,"The phrase names the status of an account (tradition, legend, myth, testimony): it tells the reader whose voice this is. Kept as it is, because moving it to the end would present an account as an assertion.",Carrier and collection not stated.,"Selon les traditions orales soussou, ils s'identifient a l'Empire medieval Sosso de Soumaoro Kante.",kept: an account
150,dataset/source/afrik/peuples/FLG_NIGERCONGO/PPL_AMBUNDU.json,/content/origins/ancientOrigins,B,"The phrase names the status of an account (tradition, legend, myth, testimony): it tells the reader whose voice this is. Kept as it is, because moving it to the end would present an account as an assertion.",Carrier and collection not stated.,"Selon les traditions orales, cinq ancetres issus d'une grande eau (l'Atlantique, Luanda) — dont Zundu dya Mbulu (mere du Ndongo) et Kajinga ka Mbulu (fondateur du Mbondo) — sont a l'origine des clans ambundu.",kept: an account
151,dataset/source/afrik/peuples/FLG_NIGERCONGO/PPL_BAFUTA.json,/content/origins/ancientOrigins,B,"The phrase names the status of an account (tradition, legend, myth, testimony): it tells the reader whose voice this is. Kept as it is, because moving it to the end would present an account as an assertion.",Carrier and collection not stated.,"Selon la tradition orale, le fondateur du royaume fut le premier Fon de Bafut (Firloo), qui etablit la chefferie sur le Plateau de Bafut.",kept: an account
152,dataset/source/afrik/peuples/FLG_NIGERCONGO/PPL_BAKIGA.json,/content/origins/ancientOrigins,B,"The phrase names the status of an account (tradition, legend, myth, testimony): it tells the reader whose voice this is. Kept as it is, because moving it to the end would present an account as an assertion.",Carrier and collection not stated.,"Selon la tradition, les Bakiga descendent de Kashyiga (plus tard nomme Kakiga), fils de Mbogo, roi du royaume ancestral de Bumbogo au Rwanda (clan Abungura/Abahitira).",kept: an account
153,dataset/source/afrik/peuples/FLG_NIGERCONGO/PPL_BAMILEKE.json,/content/origins/formationPeriod,B,"The phrase names the status of an account (tradition, legend, myth, testimony): it tells the reader whose voice this is. Kept as it is, because moving it to the end would present an account as an assertion.",Carrier and collection not stated.,"Selon la tradition orale, les Bamileke descendent d une princesse Mbum nommee Wouten (Betaka), expulsee de Ngan Ha (capitale Mbum) apres une querelle de succession au 13e siecle.",kept: an account
154,dataset/source/afrik/peuples/FLG_NIGERCONGO/PPL_BASSARI.json,/content/origins/ancientOrigins,A,"Single attributed claim from a written, statistical or institutional source: the claim can lead and the source follow, without changing its certainty.","« les sources » unnamed, over an eight-century range.","Selon les sources, ils sont arrives dans la region entre le XIe et le XIXe siecle, s'installant dans des villages perches en colline offrant des positions defensives sur les plaines.",reordered in batch 5
155,dataset/source/afrik/peuples/FLG_NIGERCONGO/PPL_BULSA.json,/content/origins/ancientOrigins,B,"The phrase names the status of an account (tradition, legend, myth, testimony): it tells the reader whose voice this is. Kept as it is, because moving it to the end would present an account as an assertion.",Carrier and collection not stated.,"Selon la tradition orale, ils descendent de trois fondateurs : le prince mamprussi Atuga de Nalerigu ; le forgeron kasena Akana de Kurugu (pres de Dakai, Burkina Faso) qui batit le Kanjag Pung (tanggbain, sanctuaire de la terre) ; et les autochtones Koma (kom dem, peuple de Kom) qu'Atuga et Akana tr",kept: an account
156,dataset/source/afrik/peuples/FLG_NIGERCONGO/PPL_BUSANSI.json,/content/origins/ancientOrigins,B,"The phrase names the status of an account (tradition, legend, myth, testimony): it tells the reader whose voice this is. Kept as it is, because moving it to the end would present an account as an assertion.",Carrier and collection not stated.,"Selon leurs propres traditions, leur ancetre etait Barso, un chasseur.",kept: an account
157,dataset/source/afrik/peuples/FLG_NIGERCONGO/PPL_FULA_NOMADES.json,/content/origins/ancientOrigins,B,"The phrase names the status of an account (tradition, legend, myth, testimony): it tells the reader whose voice this is. Kept as it is, because moving it to the end would present an account as an assertion.",Carrier and collection not stated.,"D'apres des traditions orales et linguistiques, les ancetres des Fula venaient de Futa Toro (vallee du Senegal) et de Futa Jallon (actuelle Guinee).",kept: an account
158,dataset/source/afrik/peuples/FLG_NIGERCONGO/PPL_HALPULAAR.json,/content/origins/ancientOrigins,B,"The phrase names the status of an account (tradition, legend, myth, testimony): it tells the reader whose voice this is. Kept as it is, because moving it to the end would present an account as an assertion.",Carrier and collection not stated.,"Selon les traditions orales des Toucouleur et des Serer, les Toucouleur descendent d'ancetres serer et peul.",kept: an account
159,dataset/source/afrik/peuples/FLG_NIGERCONGO/PPL_KABYE.json,/content/origins/migrationRoutes/1,B,"The phrase names the status of an account (tradition, legend, myth, testimony): it tells the reader whose voice this is. Kept as it is, because moving it to the end would present an account as an assertion.",Carrier and collection not stated.,Selon la tradition orale Konkomba: les Kabiye et Konkomba (Bekwom) ont une origine commune au Ghana (Yaa/Yendi); leurs ancetres cederent des terres aux Dagomba et traverserent le fleuve,kept: an account
160,dataset/source/afrik/peuples/FLG_NIGERCONGO/PPL_KRAHN.json,/content/appellations/originOfExonyms,B,"The phrase names the status of an account (tradition, legend, myth, testimony): it tells the reader whose voice this is. Kept as it is, because moving it to the end would present an account as an assertion.",Carrier and collection not stated.,"Selon une tradition orale, le Commissaire de district de Tappita, a qui des porteurs d'un chef local se sont presentes, leur a demande leur identite et ils ont repondu 'nous sommes le peuple de Krai' (nom de leur chef), d'ou Krahn.",kept: an account
161,dataset/source/afrik/peuples/FLG_NIGERCONGO/PPL_LOMWE_MOZ.json,/content/culture/spiritualities,A,"Single attributed claim from a written, statistical or institutional source: the claim can lead and the source follow, without changing its certainty.",« les estimations » unnamed.,"Selon les estimations, environ 60% des Lomwe du Mozambique pratiquent les religions traditionnelles africaines, 30% se declarent chretiens (catholiques, protestants) et 10% sont musulmans.",reordered in batch 5
162,dataset/source/afrik/peuples/FLG_NIGERCONGO/PPL_LWENA.json,/content/origins/ancientOrigins,B,"The phrase names the status of an account (tradition, legend, myth, testimony): it tells the reader whose voice this is. Kept as it is, because moving it to the end would present an account as an assertion.",Carrier and collection not stated.,"Selon la tradition orale, les Lwena/Luvale descendent d'un ancetre commun nomme Konde Mateti, dont la premiere dirigeante migrante etait Kenga Naweji.",kept: an account
163,dataset/source/afrik/peuples/FLG_NIGERCONGO/PPL_LWIMBI.json,/content/origins/ancientOrigins,A,"Single attributed claim from a written, statistical or institutional source: the claim can lead and the source follow, without changing its certainty.",« certaines sources » unnamed.,"Selon certaines sources, ils font partie des groupes apparentes au peuple Mbunda dont les expansions sud ont donne naissance a treize ethnies descendantes dont les Luimbi.",reordered in batch 5
164,dataset/source/afrik/peuples/FLG_NIGERCONGO/PPL_MAKONDE_MOZ.json,/content/origins/ancientOrigins,A,"Single attributed claim from a written, statistical or institutional source: the claim can lead and the source follow, without changing its certainty.",« les sources ethnohistoriques » unnamed.,"Selon les sources ethnohistoriques, leurs ancêtres ont migré progressivement vers ce plateau aride et isolé, qui leur a servi de refuge face aux razzias esclavagistes arabes et africaines.",reordered in batch 5
165,dataset/source/afrik/peuples/FLG_NIGERCONGO/PPL_MAKUA.json,/content/origins/ancientOrigins,B,"The phrase names the status of an account (tradition, legend, myth, testimony): it tells the reader whose voice this is. Kept as it is, because moving it to the end would present an account as an assertion.",Carrier and collection not stated.,"Selon la tradition orale makua, leur peuple est originaire de la montagne sacrée Namuli, dans la province de Zambezia : une caverne sur cette montagne est dite être le berceau de tous les animaux et des humains, et une empreinte de pied féminin à l'extérieur de la caverne expliquerait symboliquement",kept: an account
166,dataset/source/afrik/peuples/FLG_NIGERCONGO/PPL_MANIANGA.json,/content/origins/ancientOrigins,B,"The phrase names the status of an account (tradition, legend, myth, testimony): it tells the reader whose voice this is. Kept as it is, because moving it to the end would present an account as an assertion.",Carrier or collection named in the sentence.,"Selon la tradition orale rapportée par Bittremieux, un ancêtre kongo venu du Mayombe donna son nom à la région.",kept: an account
167,dataset/source/afrik/peuples/FLG_NIGERCONGO/PPL_MANYIKA_ZIM.json,/content/origins/ancientOrigins,B,"The phrase names the status of an account (tradition, legend, myth, testimony): it tells the reader whose voice this is. Kept as it is, because moving it to the end would present an account as an assertion.",Carrier and collection not stated.,"Selon la tradition orale, les Manyika furent parmi les immigrants shona qui trouvèrent leur chemin vers l'est du Zimbabwe à partir de 1000 ap.",kept: an account
168,dataset/source/afrik/peuples/FLG_NIGERCONGO/PPL_MBOCHI.json,/content/origins/ancientOrigins,B,"The phrase names the status of an account (tradition, legend, myth, testimony): it tells the reader whose voice this is. Kept as it is, because moving it to the end would present an account as an assertion.",Carrier and collection not stated.,"Selon leurs traditions orales, tous les Mbochi descendent d'un ancêtre commun appelé Ndinga.",kept: an account
169,dataset/source/afrik/peuples/FLG_NIGERCONGO/PPL_MBUNDA.json,/content/origins/ancientOrigins,B,"The phrase names the status of an account (tradition, legend, myth, testimony): it tells the reader whose voice this is. Kept as it is, because moving it to the end would present an account as an assertion.",Carrier and collection not stated.,"Selon la tradition orale des Vambunda, les Mbunda ont migre depuis une region situee dans l'actuel Soudan du Sud, traversant l'Ouganda, le Kenya, le Burundi, le Rwanda, et les forets equatoriales du Congo, a la recherche de terres rouges (mbunda) similaires a celles de leur terre d'origine.",kept: an account
170,dataset/source/afrik/peuples/FLG_NIGERCONGO/PPL_MUCUBAL.json,/content/origins/ancientOrigins,C,"Introduces one of several accounts, and the frame is what keeps them apart. Reorder every account of the field together, or none.",,"Selon une autre tradition, ils seraient arrives dans le desert du Namibe apres une longue migration depuis la region des Grands Lacs au XVIe siecle.",open: move the accounts together
171,dataset/source/afrik/peuples/FLG_NIGERCONGO/PPL_MYENE.json,/content/origins/ancientOrigins,B,"The phrase names the status of an account (tradition, legend, myth, testimony): it tells the reader whose voice this is. Kept as it is, because moving it to the end would present an account as an assertion.",Carrier and collection not stated.,"Selon les traditions orales, la migration principale débuta vers le 13e siècle.",kept: an account
172,dataset/source/afrik/peuples/FLG_NIGERCONGO/PPL_NABDAM.json,/content/origins/ancientOrigins,B,"The phrase names the status of an account (tradition, legend, myth, testimony): it tells the reader whose voice this is. Kept as it is, because moving it to the end would present an account as an assertion.",Carrier and collection not stated.,"Selon la tradition orale, ils descendent du royaume Mossi (Mugu) et partageaient une origine commune avec les Mossi du Burkina Faso avant de migrer vers leur localisation actuelle.",kept: an account
173,dataset/source/afrik/peuples/FLG_NIGERCONGO/PPL_NDAU.json,/content/appellations/originOfExonyms,E,"Its source has to be read before any wording moves: a ranking or evaluative judgment, a partisan or provider figure, an unnamed single source on a contested claim, or an inference.",« une étymologie » names no holder.,"Selon une étymologie, Ndau signifie terre dans leur langue, similairement au nom Manyika (Propriétaires de la Terre).",open: read the source first
174,dataset/source/afrik/peuples/FLG_NIGERCONGO/PPL_NYANEKA_NKHUMBI.json,/content/appellations/contemporaryUsage,A,"Single attributed claim from a written, statistical or institutional source: the claim can lead and the source follow, without changing its certainty.",,"Selon le recensement angolais de 2014, les Nyaneka-Nkumbi representent environ 3 % de la population angolaise.",reordered in batch 5
175,dataset/source/afrik/peuples/FLG_NIGERCONGO/PPL_NZEBI.json,/content/origins/ancientOrigins,B,"The phrase names the status of an account (tradition, legend, myth, testimony): it tells the reader whose voice this is. Kept as it is, because moving it to the end would present an account as an assertion.",Carrier and collection not stated.,"Selon la tradition orale, les Nzebi sont originaires du village de Koto, situe dans la province de la Ngounié au Gabon.",kept: an account
176,dataset/source/afrik/peuples/FLG_NIGERCONGO/PPL_OGONI.json,/content/origins/ancientOrigins,B,"The phrase names the status of an account (tradition, legend, myth, testimony): it tells the reader whose voice this is. Kept as it is, because moving it to the end would present an account as an assertion.",Carrier and collection not stated.,"Selon la tradition orale la plus repandue, les Ogoni auraient migre depuis l'ancien empire du Ghana vers la cote atlantique, puis se seraient deplaces vers le delta du Niger oriental ou ils se sont melanges avec les populations Ibibio, Annang, Igbo et Ijaw deja presentes.",kept: an account
177,dataset/source/afrik/peuples/FLG_NIGERCONGO/PPL_PUNU.json,/content/origins/ancientOrigins,B,"The phrase names the status of an account (tradition, legend, myth, testimony): it tells the reader whose voice this is. Kept as it is, because moving it to the end would present an account as an assertion.",Carrier or collection named in the sentence.,"Selon la tradition orale et les travaux de Magang-Ma-Mbuju et Mbumb Bwass, les Punu descendent d'un peuple appele 'Jagas', originaire du Kasai et du bassin du Zambeze.",kept: an account
178,dataset/source/afrik/peuples/FLG_NIGERCONGO/PPL_SENA_ZAMB.json,/content/origins/ancientOrigins,B,"The phrase names the status of an account (tradition, legend, myth, testimony): it tells the reader whose voice this is. Kept as it is, because moving it to the end would present an account as an assertion.",Carrier and collection not stated.,"Selon les traditions orales et les études anthropologiques, leurs ancêtres font partie des migrations bantoues qui ont progressé du nord-ouest vers le sud-est de l'Afrique centrale.",kept: an account
179,dataset/source/afrik/peuples/FLG_NIGERCONGO/PPL_SWAHILI_OMAN.json,/content/origins/ancientOrigins,B,"The phrase names the status of an account (tradition, legend, myth, testimony): it tells the reader whose voice this is. Kept as it is, because moving it to the end would present an account as an assertion.",Carrier and collection not stated.,"Selon la tradition orale, les premiers Omanis arriverent a Zanzibar lors de la fuite des freres Suleiman et Said devant l'invasion omeyyade au 7e siecle.",kept: an account
180,dataset/source/afrik/peuples/FLG_NIGERCONGO/PPL_TABWA.json,/content/origins/ancientOrigins,B,"The phrase names the status of an account (tradition, legend, myth, testimony): it tells the reader whose voice this is. Kept as it is, because moving it to the end would present an account as an assertion.",Carrier and collection not stated.,"Selon la tradition orale, trois femmes royales du clan Azimba, venues de l'ouest du lac Tanganyika, fondèrent les premières chefferies tabwa : Mukulu Kalwa établit la chefferie Nsama, Mukulu Munakile celle de Mukupa Kaoma, et Mukulu Mwenya s'installa à Mbete sur les rives du lac.",kept: an account
181,dataset/source/afrik/peuples/FLG_NIGERCONGO/PPL_TSHOKWE.json,/content/origins/ancientOrigins,B,"The phrase names the status of an account (tradition, legend, myth, testimony): it tells the reader whose voice this is. Kept as it is, because moving it to the end would present an account as an assertion.",Carrier and collection not stated.,"Selon les traditions orales, les Tshokwe, Lunda, Lwena/Luvale, Luchazi, Ovimbundu et Mbunda partagent une ancestralite commune remontant aux migrations Lunda du 16e siecle.",kept: an account
182,dataset/source/afrik/peuples/FLG_NIGERCONGO/PPL_TSWA.json,/content/culture/spiritualities,E,"Its source has to be read before any wording moves: a ranking or evaluative judgment, a partisan or provider figure, an unnamed single source on a contested claim, or an inference.",A missionary source's evaluation (IMB); same pattern as C20.,"Selon les sources missionnaires (IMB), la religion principale des Tswa est aujourd'hui la religion traditionnelle africaine, souvent combinees avec des pratiques chretiennes.",open: read the source first
183,dataset/source/afrik/peuples/FLG_NIGERCONGO/PPL_URHOBO.json,/content/origins/ancientOrigins,B,"The phrase names the status of an account (tradition, legend, myth, testimony): it tells the reader whose voice this is. Kept as it is, because moving it to the end would present an account as an assertion.",Carrier and collection not stated.,"Selon les traditions orales, les fondateurs des royaumes urhobo migrerent en plusieurs vagues depuis le Royaume de Benin (Edo) entre le XIIe et le XVIIe siecle.",kept: an account
184,dataset/source/afrik/peuples/FLG_NIGERCONGO/PPL_URHOBO.json,/content/culture/majorRites,B,"The phrase names the status of an account (tradition, legend, myth, testimony): it tells the reader whose voice this is. Kept as it is, because moving it to the end would present an account as an assertion.","DEFECT: the field contains a fragment of JSON inside the sentence (`"", ""umalokun"": ...`), i.e. corrupted text, to be repaired apart from this finding.","Selon la tradition, il existe 1 261 Ejo (deites ou principles spirituels) au sein du systeme Epha, incluant Aziza (dieu tourbillon a une main et une jambe tenant un miroir)."", ""umalokun"": ""Umalokun est la deesse de la mer/eau, adoree dans les royaumes urhobo proches des cours d'eau.",kept: an account
185,dataset/source/afrik/peuples/FLG_NIGERCONGO/PPL_VILI.json,/content/origins/ancientOrigins,D,"The named source is the subject of the sentence (a chronicle, a primary source, the account being retold), not a borrowed authority.","The standpoint is the claim: seventeenth-century European sources, named.","Selon les sources europeennes du 17e siecle (Andrew Battel vers 1610, Olfert Dapper), le fondateur du royaume de Loango fut Njimbe, chef de la dynastic Bawoyo issu de la fraternite des Forgerons du Buvandji, dont le regne dura environ soixante ans au 16e siecle.",kept: the source is the subject
186,dataset/source/afrik/peuples/FLG_NIGERCONGO/PPL_WALA.json,/content/origins/ancientOrigins,B,"The phrase names the status of an account (tradition, legend, myth, testimony): it tells the reader whose voice this is. Kept as it is, because moving it to the end would present an account as an assertion.",Carrier and collection not stated.,"Selon la tradition orale, un prince Musi nomme Salia ou Sulle Mana, apres avoir ete defait dans une lutte de succession au trone de Mugu, migra vers le sud depuis Nalun-Gambaga vers la region de Wa au debut du XVIIe siecle.",kept: an account
187,dataset/source/afrik/peuples/FLG_NILOSAHARIENNE/PPL_SONGHAI.json,/content/appellations/originOfExonyms,F,Not an attribution: « selon » means « depending on ».,,"Selon la région, les locuteurs se désignent aussi par un nom de groupe : Koyraboro au Mali, de koyra-boro, les gens de la ville ; Zarma au Niger ; Dendi au Bénin.",nothing to do
188,dataset/source/afrik/peuples/FLG_NILOTIQUE/PPL_JIE.json,/content/appellations/originOfExonyms,B,"The phrase names the status of an account (tradition, legend, myth, testimony): it tells the reader whose voice this is. Kept as it is, because moving it to the end would present an account as an assertion.",Carrier and collection not stated.,"Selon la tradition, les Jie sont les ancêtres directs des Karamojong ; le nom Karamojong dérive d'une formule jie ekara ngimojong signifiant les vieux hommes ne peuvent plus marcher, désignant ceux qui décidèrent de ne pas poursuivre la migration vers le sud.",kept: an account
189,dataset/source/afrik/peuples/FLG_NILOTIQUE/PPL_JIE.json,/content/origins/ancientOrigins,B,"The phrase names the status of an account (tradition, legend, myth, testimony): it tells the reader whose voice this is. Kept as it is, because moving it to the end would present an account as an assertion.",Carrier or collection named in the sentence.,"Selon la tradition orale et les recherches ethnographiques de P.H. Gulliver (1952-1954), ce groupe migra d'Abyssinie (Ethiopie actuelle) vers 1600-1700 apr.",kept: an account
190,dataset/source/afrik/peuples/FLG_NILOTIQUE/PPL_KARAMOJONG.json,/content/origins/ancientOrigins,B,"The phrase names the status of an account (tradition, legend, myth, testimony): it tells the reader whose voice this is. Kept as it is, because moving it to the end would present an account as an assertion.",Carrier or collection named in the sentence.,"Selon la tradition orale et les recherches ethnographiques (Gulliver, Dyson-Hudson), ce groupe migra d'Abyssinie (Ethiopie actuelle) vers 1600-1700 apr.",kept: an account
191,dataset/source/afrik/peuples/FLG_NILOTIQUE/PPL_LANGI.json,/content/origins/ancientOrigins,B,"The phrase names the status of an account (tradition, legend, myth, testimony): it tells the reader whose voice this is. Kept as it is, because moving it to the end would present an account as an assertion.",Carrier and collection not stated.,"Selon la tradition orale, ils faisaient partie de la grande race Lango lors de la periode migratoire, avant que ce groupe se fragmente en plusieurs entites distinctes entrant en Ouganda.",kept: an account
192,dataset/source/afrik/peuples/FLG_NILOTIQUE/PPL_LUO_PAGU.json,/content/origins/ancientOrigins,B,"The phrase names the status of an account (tradition, legend, myth, testimony): it tells the reader whose voice this is. Kept as it is, because moving it to the end would present an account as an assertion.",Carrier and collection not stated.,"Selon la tradition orale, le guerrier chef Ramogi Ajwang les aurait conduits au Kenya il y a environ 500 ans.",kept: an account
193,dataset/source/afrik/peuples/FLG_NILOTIQUE/PPL_MABAN.json,/content/origins/ancientOrigins,C,"Introduces one of several accounts, and the frame is what keeps them apart. Reorder every account of the field together, or none.",,"Selon les theories de migration, leur point de depart commun se situait pres de la confluence du Nil et du Nil Bleu, aux environs de Khartoum (Soba).",open: move the accounts together
194,dataset/source/afrik/peuples/FLG_NILOTIQUE/PPL_NUER.json,/content/origins/ancientOrigins,B,"The phrase names the status of an account (tradition, legend, myth, testimony): it tells the reader whose voice this is. Kept as it is, because moving it to the end would present an account as an assertion.",Carrier and collection not stated.,"Selon la tradition orale, Naath (ancetre eponyme) surgit d'un grand arbre appele Liech, d'ou naquit la nation nuer.",kept: an account
195,dataset/source/afrik/peuples/FLG_NILOTIQUE/PPL_RENDILLE.json,/content/origins/ancientOrigins,B,"The phrase names the status of an account (tradition, legend, myth, testimony): it tells the reader whose voice this is. Kept as it is, because moving it to the end would present an account as an assertion.",Carrier and collection not stated.,"Selon la tradition orale, leurs ancetres voyagerent depuis la region du Suez a travers l'Ethiopie : les Somalis partirent vers la Somalie pour les paturages; les Rendille refuserent ce territoire et s'etablirent autour de Marsabit (d'ou leur nom somali Rertit).",kept: an account
196,dataset/source/afrik/peuples/FLG_NILOTIQUE/PPL_SHILLUK.json,/content/origins/ancientOrigins,B,"The phrase names the status of an account (tradition, legend, myth, testimony): it tells the reader whose voice this is. Kept as it is, because moving it to the end would present an account as an assertion.",Carrier and collection not stated.,"Selon les traditions orales, leur ancêtre fondateur Nyikang était le fils d'un roi nommé Okwa, qui régnait sur un territoire situé loin au sud, près d'un grand lac (probablement le lac Albert, région des Acholi actuels).",kept: an account
197,dataset/source/afrik/peuples/FLG_NILOTIQUE/PPL_SURMA.json,/content/origins/ancientOrigins,B,"The phrase names the status of an account (tradition, legend, myth, testimony): it tells the reader whose voice this is. Kept as it is, because moving it to the end would present an account as an assertion.",Carrier and collection not stated.,"Selon les traditions orales suri, le groupe est originaire du plateau de Boma, de la vallée de l'Omo et du plateau de Gobi dans la région de Maji.",kept: an account
198,dataset/source/afrik/peuples/FLG_NILOTIQUE/PPL_TOPOSA.json,/content/origins/ancientOrigins,B,"The phrase names the status of an account (tradition, legend, myth, testimony): it tells the reader whose voice this is. Kept as it is, because moving it to the end would present an account as an assertion.",Carrier and collection not stated.,"Selon leur tradition orale, les ancêtres Toposa vivaient avec Nakwuge (être suprême) dans le ciel et descendirent sur terre par une corde, qui se rompit, les séparant définitivement du paradis céleste.",kept: an account
199,dataset/source/afrik/peuples/FLG_OMOTIQUE/PPL_MEEN.json,/content/origins/ancientOrigins,B,"The phrase names the status of an account (tradition, legend, myth, testimony): it tells the reader whose voice this is. Kept as it is, because moving it to the end would present an account as an assertion.",Carrier and collection not stated.,"Selon leur tradition orale, ils croient être apparus près du fleuve Omo, leurs ancêtres étant sortis d'un trou dans la terre.",kept: an account
200,dataset/source/afrik/peuples/FLG_SEMITIQUE/PPL_ARGOBBA.json,/content/origins/majorHistoricalEvents,B,"The phrase names the status of an account (tradition, legend, myth, testimony): it tells the reader whose voice this is. Kept as it is, because moving it to the end would present an account as an assertion.",Carrier and collection not stated.,"Selon la tradition hararie, une porte de la ville de Harar (bab al-argobba) fut nommee d'apres les refugies argobba du 15e siecle.",kept: an account
201,dataset/source/afrik/peuples/FLG_SEMITIQUE/PPL_ARGOBBA.json,/content/historicalRole/kingdomsOrChiefdoms,B,"The phrase names the status of an account (tradition, legend, myth, testimony): it tells the reader whose voice this is. Kept as it is, because moving it to the end would present an account as an assertion.",Carrier and collection not stated.,"Selon certaines traditions, les Argobba auraient contribue a la creation de la ville de Harar et auraient donne naissance, par melange avec les Harla, au peuple harari.",kept: an account
202,dataset/source/afrik/peuples/FLG_SEMITIQUE/PPL_GURAGE.json,/content/origins/ancientOrigins,B,"The phrase names the status of an account (tradition, legend, myth, testimony): it tells the reader whose voice this is. Kept as it is, because moving it to the end would present an account as an assertion.",Carrier and collection not stated.,"Selon les traditions orales des Soddo, un ancetre mythique nomme Azmach Sebhat, envoye par l'empereur Amda Seyon au debut du 14e siecle, aurait colonise la region de Gurageland.",kept: an account
203,dataset/source/afrik/peuples/FLG_SEMITIQUE/PPL_HARARI.json,/content/origins/ancientOrigins,B,"The phrase names the status of an account (tradition, legend, myth, testimony): it tells the reader whose voice this is. Kept as it is, because moving it to the end would present an account as an assertion.",Carrier and collection not stated.,"Selon la tradition, le cheikh Abadir, patriarche legendaire des Harari, est arrive sur le plateau de Harar au debut du 13e siecle et y a rencontre les Harla, les Gaturi et les Argobba.",kept: an account
204,dataset/source/afrik/peuples/FLG_SONGHAY/PPL_SONGHAY_MACRO.json,/content/origins/ancientOrigins,D,"The named source is the subject of the sentence (a chronicle, a primary source, the account being retold), not a borrowed authority.",,"Selon la chronique medievale Tarikh al-Sudan d'Al-Sadi (17e siecle), leur origine legendaire remonte a Za Alayaman (ou Dialliaman), qui aurait emigre du Yemen pour s'installer a Kukiya sur le Niger.",kept: the source is the subject
205,dataset/source/afrik/peuples/FLG_SONGHAY/PPL_ZARMA.json,/content/origins/formationPeriod,B,"The phrase names the status of an account (tradition, legend, myth, testimony): it tells the reader whose voice this is. Kept as it is, because moving it to the end would present an account as an assertion.",Carrier and collection not stated.,"Selon la tradition orale, elle fut conduite par Mali Bero, qui se deplace avec son peuple apres un conflit avec des voisins touaregs, en voyageant magiquement sur le fond d'un grenier a mil.",kept: an account
206,dataset/source/afrik/peuples/FLG_SOUDANIQUECENTRAL/PPL_ARINGA.json,/content/origins/ancientOrigins,B,"The phrase names the status of an account (tradition, legend, myth, testimony): it tells the reader whose voice this is. Kept as it is, because moving it to the end would present an account as an assertion.",Carrier and collection not stated.,"Selon la tradition orale lugbara, la majorite des habitants du pays aringa avant la consolidation ethnique etaient d'origine Bari.",kept: an account
207,dataset/source/afrik/peuples/FLG_SOUDANIQUECENTRAL/PPL_FURU.json,/content/origins/ancientOrigins,E,"Its source has to be read before any wording moves: a ranking or evaluative judgment, a partisan or provider figure, an unnamed single source on a contested claim, or an inference.",A missionary source's evaluation (Joshua Project); same pattern as C20.,"Selon les sources missionnaires (Joshua Project), leurs ancetres ont migre depuis les regions du nord, probablement autour du Darfour au Soudan, vers leur zone d'habitation actuelle le long de la riviere Ubangi.",open: read the source first
208,dataset/source/afrik/peuples/FLG_SOUDANIQUECENTRAL/PPL_KAKWA.json,/content/origins/ancientOrigins,B,"The phrase names the status of an account (tradition, legend, myth, testimony): it tells the reader whose voice this is. Kept as it is, because moving it to the end would present an account as an assertion.",Carrier and collection not stated.,"Selon la tradition orale kakwa, leurs ancetres ont migre depuis l'Afrique orientale (region nubienne) depuis la cite antique de Kawa, situee entre les troisieme et quatrieme cataractes du Nil.",kept: an account
209,dataset/source/afrik/peuples/FLG_SOUDANIQUECENTRAL/PPL_SARA.json,/content/origins/ancientOrigins,B,"The phrase names the status of an account (tradition, legend, myth, testimony): it tells the reader whose voice this is. Kept as it is, because moving it to the end would present an account as an assertion.",Typo in the source text (« derivrait »).,"Selon les traditions orales Sara, leur nom derivrait de Sa-Ra (fils de Ra), evoquant un lien avec les croyances solaires nilotiques, indiquant une origine probable dans la vallee du Nil.",kept: an account
210,dataset/source/afrik/peuples/FLG_SOUDANIQUECENTRAL/PPL_YULI.json,/content/origins/formationPeriod,B,"The phrase names the status of an account (tradition, legend, myth, testimony): it tells the reader whose voice this is. Kept as it is, because moving it to the end would present an account as an assertion.",Carrier and collection not stated.,"Selon les traditions orales, les Yulu ont sejourn brievement au Jebel Mara (massif du Darfour) vers l'an 1795 environ, avant d'etre chasses par les pressions des Fur.",kept: an account
211,dataset/source/afrik/peuples/FLG_TCHADIQUE/PPL_BABUR.json,/content/origins/ancientOrigins,B,"The phrase names the status of an account (tradition, legend, myth, testimony): it tells the reader whose voice this is. Kept as it is, because moving it to the end would present an account as an assertion.",Carrier and collection not stated.,"Selon la tradition orale, les Bura-Pabir descendent de migrants venus du Yemen, ayant traverse le Soudan et le bassin du lac Tchad pour atteindre leur emplacement actuel dans le nord-est du Nigeria.",kept: an account
212,dataset/source/afrik/peuples/FLG_TCHADIQUE/PPL_BADE.json,/content/origins/ancientOrigins,B,"The phrase names the status of an account (tradition, legend, myth, testimony): it tells the reader whose voice this is. Kept as it is, because moving it to the end would present an account as an assertion.",Carrier and collection not stated.,"Selon la tradition orale bade, le groupe descend du Badr du Yemen, dont les ancetres furent chasses par le prophete Mohammed apres avoir refuse de prier.",kept: an account
213,dataset/source/afrik/peuples/FLG_TCHADIQUE/PPL_BOLIWA.json,/content/origins/ancientOrigins,B,"The phrase names the status of an account (tradition, legend, myth, testimony): it tells the reader whose voice this is. Kept as it is, because moving it to the end would present an account as an assertion.",Carrier or collection named in the sentence.,"Selon la tradition orale et les etudes historiques (C.K. Meeks, 1931 ; H.R. Palmer), les Bolewa descendent de migrants venus du Yemen, associes aux fondateurs des royaumes de Kanem et Songhai.",kept: an account
214,dataset/source/afrik/peuples/FLG_TCHADIQUE/PPL_BURA.json,/content/origins/ancientOrigins,B,"The phrase names the status of an account (tradition, legend, myth, testimony): it tells the reader whose voice this is. Kept as it is, because moving it to the end would present an account as an assertion.",Carrier and collection not stated.,"Selon la tradition orale commune aux Bura-Pabir, les ancetres du groupe (incluant les Luguda apparentes) migrerent du Yemen a travers le Soudan et le bassin du lac Tchad pour atteindre leur emplacement actuel.",kept: an account
215,dataset/source/afrik/peuples/FLG_TCHADIQUE/PPL_BURA.json,/content/languages/vehicularRole,A,"Single attributed claim from a written, statistical or institutional source: the claim can lead and the source follow, without changing its certainty.",The sentence has no verb and cites study.com in prose for the upper figure.,"Selon les sources, entre 72 200 (1952) et 507 000 (estimation maximale selon study.com) locuteurs.",reordered in batch 5
216,dataset/source/afrik/peuples/FLG_TCHADIQUE/PPL_GWANDARA.json,/content/origins/ancientOrigins,B,"The phrase names the status of an account (tradition, legend, myth, testimony): it tells the reader whose voice this is. Kept as it is, because moving it to the end would present an account as an assertion.",Carrier and collection not stated.,"Selon la tradition orale, l'ancetre eponyme Karshi refusa de se convertir a l'islam lors du regne du roi Muhammadu Rumfa de Kano et emigra de Kano vers 1476.",kept: an account
217,dataset/source/afrik/peuples/FLG_TCHADIQUE/PPL_HAUSA.json,/content/origins/ancientOrigins,B,"The phrase names the status of an account (tradition, legend, myth, testimony): it tells the reader whose voice this is. Kept as it is, because moving it to the end would present an account as an assertion.",Carrier and collection not stated.,"Selon la legende de Bayajidda, les etats haoussa furent fondes par les fils et petits-fils de Bayajidda, un prince de Bagdad qui tua un serpent dans le puits de Daura (Kusugu) et epousa la reine Daurama, derniere souveraine matriarcale.",kept: an account
218,dataset/source/afrik/peuples/FLG_TCHADIQUE/PPL_JARAWA.json,/content/origins/ancientOrigins,B,"The phrase names the status of an account (tradition, legend, myth, testimony): it tells the reader whose voice this is. Kept as it is, because moving it to the end would present an account as an assertion.",Carrier and collection not stated.,"Selon la tradition orale, leur ancetre fondateur Yalam etait un leader courageux qui emigra de la region du Bornou-Tchad durant le regne de Shehu Ali Ghaji, s'etablit dans la zone de Kaltungo (actuel etat de Gombe) au XVIIe siecle, puis se deplaça vers la region de Chawai (actuel Kaduna du Sud).",kept: an account
219,dataset/source/afrik/peuples/FLG_TCHADIQUE/PPL_KERA.json,/content/origins/ancientOrigins,B,"The phrase names the status of an account (tradition, legend, myth, testimony): it tells the reader whose voice this is. Kept as it is, because moving it to the end would present an account as an assertion.",Carrier and collection not stated.,"Selon les traditions orales et les etudes linguistiques, les Kera auraient migre depuis la region du Chari, traversant le pays Mouzouk et le lac Guisey avant de s'etablir dans leur territoire actuel.",kept: an account
220,dataset/source/afrik/peuples/FLG_TCHADIQUE/PPL_MANGA.json,/content/origins/ancientOrigins,B,"The phrase names the status of an account (tradition, legend, myth, testimony): it tells the reader whose voice this is. Kept as it is, because moving it to the end would present an account as an assertion.",Carrier and collection not stated.,"Selon la tradition orale kanuri, leur ancetre fondateur Sef, fils de Dhu Ifazan du Yemen, unit les populations en une dynasties Sayfawa vers le 9e siecle.",kept: an account
221,dataset/source/afrik/peuples/FLG_TCHADIQUE/PPL_MASA.json,/content/origins/ancientOrigins,B,"The phrase names the status of an account (tradition, legend, myth, testimony): it tells the reader whose voice this is. Kept as it is, because moving it to the end would present an account as an assertion.",Carrier and collection not stated.,"Selon la tradition orale masa, le peuple serait originaire du Yemen, ayant migre vers l'Egypte puis le Soudan avant de rejoindre la region du lac Tchad.",kept: an account
222,dataset/source/afrik/peuples/FLG_TCHADIQUE/PPL_MOFU.json,/content/origins/ancientOrigins,B,"The phrase names the status of an account (tradition, legend, myth, testimony): it tells the reader whose voice this is. Kept as it is, because moving it to the end would present an account as an assertion.",Carrier or collection named in the sentence.,"Selon les traditions orales recueillies par Lembezat (1961), l'ancetre fondateur Ngueleo, eleve chez les Gisiga de Maroua, recut un taureau et se dirigea vers les montagnes du Nord.",kept: an account
223,dataset/source/afrik/peuples/FLG_TCHADIQUE/PPL_MUSGU.json,/content/origins/ancientOrigins,B,"The phrase names the status of an account (tradition, legend, myth, testimony): it tells the reader whose voice this is. Kept as it is, because moving it to the end would present an account as an assertion.",Carrier or collection named in the sentence.,"Selon une tradition orale rapportee par les Musgu, ils sont issus d'un mariage entre un prince Kotoko et une femme Massa sur les rives du Logone.",kept: an account
224,dataset/source/afrik/peuples/FLG_TCHADIQUE/PPL_NGIZIM.json,/content/origins/ancientOrigins,B,"The phrase names the status of an account (tradition, legend, myth, testimony): it tells the reader whose voice this is. Kept as it is, because moving it to the end would present an account as an assertion.",Carrier and collection not stated.,"Selon les traditions du Bornou, les Bade et les Ngizim apparentes de Potiskum furent les premiers peuples a migrer de Kanem en contournant le nord du lac Tchad pour atteindre le Komadugu Yobe, a une epoque ou les So dominaient encore le Bornou.",kept: an account
225,dataset/source/afrik/peuples/FLG_TCHADIQUE/PPL_TERA.json,/content/origins/ancientOrigins,B,"The phrase names the status of an account (tradition, legend, myth, testimony): it tells the reader whose voice this is. Kept as it is, because moving it to the end would present an account as an assertion.",Carrier and collection not stated.,"Selon leur tradition orale, ils ont migre depuis le Moyen-Orient (Yemen) avec d'autres peuples comme les Babur, Jukun, Bolewa, Tula, Waja, Tangale, Kanakuru et Kare-Kare.",kept: an account
