kind,term,path,pointer,sentence,disposition
jargon,proto-langue,dataset/source/afrik/famille_linguistique/FLG_AFROASIATIQUE.json,/content/decolonialHeader/whyProblematic,"Le concept est une construction artificielle sans validité scientifique démontrée (aucune loi phonétique commune, aucune proto-langue reconstruite entre les 5 groupes).","left: « proto- » reconstruction terms, many (see ledger)"
jargon,proto-langue,dataset/source/afrik/famille_linguistique/FLG_AFROASIATIQUE.json,/content/linguisticCharacteristics/keyInnovations,"Aucune proto-langue ""afroasiatique"" n'a pu être reconstruite scientifiquement.","left: « proto- » reconstruction terms, many (see ledger)"
jargon,agglutinantes,dataset/source/afrik/famille_linguistique/FLG_ATLANTIQUE.json,/content/linguisticCharacteristics/typology,"Langues à classes nominales marquées (préfixes/suffixes/alternances), flexionnelles et agglutinantes.","explained in batch 7, at its first occurrence in the field"
jargon,agglutinante,dataset/source/afrik/famille_linguistique/FLG_AUSTRONESIENNE.json,/content/linguisticCharacteristics/typology,Le malgache est une langue agglutinante avec un ordre syntaxique SVO (Sujet-Verbe-Objet).,"explained in batch 7, at its first occurrence in the field"
jargon,proto-austronésien,dataset/source/afrik/famille_linguistique/FLG_AUSTRONESIENNE.json,/content/historyAndOrigins/emergencePeriod,**Émergence historique de la famille** : Le proto-austronésien remonte à ~4000-5000 ans avant notre ère à Formose (Taiwan).,"left: « proto- » reconstruction terms, many (see ledger)"
jargon,proto-bantu,dataset/source/afrik/famille_linguistique/FLG_BANTU.json,/content/decolonialHeader/originOfHistoricalTerm,"Il a choisi le terme « Bantu » car ce mot signifie « gens » ou « personnes » dans plusieurs de ces langues, dérivé de la racine proto-Bantu ba-ntu où ba- est le préfixe de classe nominale pour le pluriel et -ntu signifie « personne » ou « être humain ».","left: « proto- » reconstruction terms, many (see ledger)"
jargon,agglutinantes,dataset/source/afrik/famille_linguistique/FLG_BANTU.json,/content/linguisticCharacteristics/typology,Les langues bantoues sont agglutinantes et utilisent un système de classes nominales préfixales.,"explained in batch 7, at its first occurrence in the field"
jargon,proto-bantou,dataset/source/afrik/famille_linguistique/FLG_BANTU.json,/content/linguisticCharacteristics/keyInnovations,Reconstruction du proto-bantou possible grâce à cette régularité.,"left: « proto- » reconstruction terms, many (see ledger)"
jargon,proto-bantou,dataset/source/afrik/famille_linguistique/FLG_BANTU.json,/content/historyAndOrigins/probableOrigin,"Malcolm Guthrie (1948) : Proposé que le proto-bantou s'est développé dans la région des Grassfields (frontière Cameroun-Nigeria), il y a environ 3000 à 5000 ans.","left: « proto- » reconstruction terms, many (see ledger)"
jargon,proto-bantou,dataset/source/afrik/famille_linguistique/FLG_BANTU.json,/content/historyAndOrigins/probableOrigin,Période : 3000 à 5000 ans avant notre ère (émergence du proto-bantou).,"left: « proto- » reconstruction terms, many (see ledger)"
jargon,proto-bantou,dataset/source/afrik/famille_linguistique/FLG_BANTU.json,/content/historyAndOrigins/emergencePeriod,3000 à 5000 ans avant notre ère : Émergence du proto-bantou dans la région Cameroun-Gabon.,"left: « proto- » reconstruction terms, many (see ledger)"
jargon,proto-bantou,dataset/source/afrik/famille_linguistique/FLG_BENOUECONGO.json,/content/linguisticCharacteristics/keyInnovations,"C'est comparable au genre masculin/féminin en français, mais beaucoup plus développé : le proto-bantou avait environ 20 classes nominales (Guthrie, 1948).","left: « proto- » reconstruction terms, many (see ledger)"
jargon,agglutinant,dataset/source/afrik/famille_linguistique/FLG_BERBERE.json,/content/linguisticCharacteristics/typology,"angue flexionnelle, de type fusio-agglutinant, bâtie sur une racine consonantique.",left: the term is qualified in that field or the gloss would not fit (see ledger)
jargon,proto-berbères,dataset/source/afrik/famille_linguistique/FLG_BERBERE.json,/content/historyAndOrigins/probableOrigin,"La théorie nord-africaine, majoritaire dans l'école occidentale, suit Gabriel Camps (1987) qui associe les locuteurs proto-berbères aux populations du Néolithique capsien (9000-4500 av.","left: « proto- » reconstruction terms, many (see ledger)"
jargon,proto-afro,dataset/source/afrik/famille_linguistique/FLG_BERBERE.json,/content/historyAndOrigins/probableOrigin,"La théorie du Sahara oriental, minoritaire, suit Christopher Ehret (2002) qui propose une origine saharienne ou nilotique du proto-afro-asiatique, avec une migration berbère vers l'ouest lors de l'assèchement du Sahara (6000-4000 av.","left: « proto- » reconstruction terms, many (see ledger)"
outside-register,nègres,dataset/source/afrik/famille_linguistique/FLG_BERBERE.json,/content/historyAndOrigins/probableOrigin,"La théorie afrocentrique de l'unité égyptienne-berbère, portée par Cheikh Anta Diop (Nations nègres et culture, 1954 ; Parenté génétique de l'égyptien pharaonique et des langues négro-africaines, 1977), conteste la séparation entre Afrique du Nord et Afrique s","kept: reported, quoted or attributed, or a term the fiche itself criticises"
jargon,proto-afro,dataset/source/afrik/famille_linguistique/FLG_BERBERE.json,/content/historyAndOrigins/emergencePeriod,a séparation d'avec le proto-afro-asiatique est estimée par glottochronologie entre 12000 et 8000 av.,"left: « proto- » reconstruction terms, many (see ledger)"
jargon,glottochronologie,dataset/source/afrik/famille_linguistique/FLG_BERBERE.json,/content/historyAndOrigins/emergencePeriod,a séparation d'avec le proto-afro-asiatique est estimée par glottochronologie entre 12000 et 8000 av.,"explained in batch 7, at its first occurrence in the field"
jargon,agglutinantes,dataset/source/afrik/famille_linguistique/FLG_COUCHITIQUE.json,/content/linguisticCharacteristics/typology,Langues majoritairement agglutinantes avec ordre des mots Sujet-Objet-Verbe (SOV) dans la plupart des cas.,"explained in batch 7, at its first occurrence in the field"
jargon,proto-couchitique,dataset/source/afrik/famille_linguistique/FLG_COUCHITIQUE.json,/content/historyAndOrigins/emergencePeriod,"(1) Émergence historique de la FLG : Les langues couchitiques se sont probablement séparées d'un proto-couchitique commun il y a 6000-7000 ans selon les reconstructions linguistiques (Ehret, 2002).","left: « proto- » reconstruction terms, many (see ledger)"
outside-register,nègres,dataset/source/afrik/famille_linguistique/FLG_CREOLE.json,/content/decolonialHeader/historicalAppellations/1,angues de nègres,"kept: reported, quoted or attributed, or a term the fiche itself criticises"
outside-register,nègre,dataset/source/afrik/famille_linguistique/FLG_CREOLE.json,/content/decolonialHeader/historicalAppellations/4,etit-nègre,"kept: reported, quoted or attributed, or a term the fiche itself criticises"
outside-register,fétiche,dataset/source/afrik/famille_linguistique/FLG_CREOLE.json,/content/linguisticCharacteristics/relationsWithNeighbors,"En kikongo, nzambi désigne l'Être Suprême et zumbi un fétiche bienfaisant ; en kimbundu, nzumbi désigne l'âme d'un mort qui revient en paix, par opposition à celle qui poursuit les vivants.",kept: the word glosses a local term the field names (operator ruling 2026-10-03)
jargon,atr,dataset/source/afrik/famille_linguistique/FLG_GUR.json,/content/linguisticCharacteristics/phonologicalFeatures,"Harmonie vocalique : Dans certaines langues de la branche Grusi (ex : Dagaare, Waale), harmonie basée sur ATR (Advanced/Non-Advanced Tongue Root) avec longueur vocalique distinctive.","explained in batch 7, at its first occurrence in the field"
jargon,proto-central,dataset/source/afrik/famille_linguistique/FLG_GUR.json,/content/historyAndOrigins/probableOrigin,"Gabriel Manessy (1975, 1979) contribue à la classification généalogique des langues voltaïques avec ses travaux sur le proto-central et les langues Oti-Volta.","left: « proto- » reconstruction terms, many (see ledger)"
jargon,proto-gur,dataset/source/afrik/famille_linguistique/FLG_GUR.json,/content/historyAndOrigins/emergencePeriod,"Émergence historique de la FLG : Reconstruction linguistique suggère que le proto-Gur/Central Gur était déjà distinct il y a plusieurs millénaires, probablement au cours du 2e millénaire avant notre ère selon les modèles basés sur les technologies agricoles et","left: « proto- » reconstruction terms, many (see ledger)"
jargon,proto-gur,dataset/source/afrik/famille_linguistique/FLG_GUR.json,/content/historyAndOrigins/diffusion,Certaines études génétiques suggèrent des expansions démographiques liées au climat (Holocene Climate Optimum) favorisant la dispersion nord-sud-est des locuteurs de proto-Gur/proto-Mabia.,"left: « proto- » reconstruction terms, many (see ledger)"
jargon,proto-mabia,dataset/source/afrik/famille_linguistique/FLG_GUR.json,/content/historyAndOrigins/diffusion,Certaines études génétiques suggèrent des expansions démographiques liées au climat (Holocene Climate Optimum) favorisant la dispersion nord-sud-est des locuteurs de proto-Gur/proto-Mabia.,"left: « proto- » reconstruction terms, many (see ledger)"
outside-register,sauvage,dataset/source/afrik/famille_linguistique/FLG_KHOE.json,/content/decolonialHeader/whyProblematic,"François-Xavier Fauvelle-Aymar (2002) montre comment les récits de voyageurs, du XVe au XIXe siècle, en ont fait une figure homogène, tantôt bon sauvage, tantôt monstre primitif, que naturalistes et anatomistes ont ensuite mesurée et hiérarchisée, jusqu'à l'ex","kept: a wild plant or animal, or an use reported as pejorative"
outside-register,primitif,dataset/source/afrik/famille_linguistique/FLG_KHOE.json,/content/decolonialHeader/whyProblematic,"François-Xavier Fauvelle-Aymar (2002) montre comment les récits de voyageurs, du XVe au XIXe siècle, en ont fait une figure homogène, tantôt bon sauvage, tantôt monstre primitif, que naturalistes et anatomistes ont ensuite mesurée et hiérarchisée, jusqu'à l'ex","kept: reported, quoted or attributed, or a term the fiche itself criticises"
jargon,agglutinantes,dataset/source/afrik/famille_linguistique/FLG_KHOE.json,/content/linguisticCharacteristics/typology,"Langues agglutinantes, ordre des mots de base **SOV (Sujet-Objet-Verbe)**, avec un système pronominal riche.","explained in batch 7, at its first occurrence in the field"
jargon,agglutinantes,dataset/source/afrik/famille_linguistique/FLG_KHOISAN.json,/content/linguisticCharacteristics/typology,"**Morphologie :** Structures souvent agglutinantes, avec préfixes et suffixes pour marquer le nombre, le genre, la possession.","explained in batch 7, at its first occurrence in the field"
jargon,phonèmes,dataset/source/afrik/famille_linguistique/FLG_KHOISAN.json,/content/historyAndOrigins/probableOrigin,"Traill (*The Khoisan Languages*, 1998) a notamment documenté ǃXóõ avec ses 100+ phonèmes.","explained in batch 7, at its first occurrence in the field"
jargon,proto-kwa,dataset/source/afrik/famille_linguistique/FLG_KWA.json,/content/decolonialHeader/whyProblematic,"Le tracé du regroupement a de plus varié trois fois en un demi-siècle (Westermann 1927, Greenberg 1963, Bennett & Sterk 1977) selon les critères retenus par chaque auteur, et Jeff Good documente dans son chapitre de synthèse (2020, voir sources) que la frontiè","left: « proto- » reconstruction terms, many (see ledger)"
jargon,proto-bantou,dataset/source/afrik/famille_linguistique/FLG_KWA.json,/content/decolonialHeader/whyProblematic,"Le tracé du regroupement a de plus varié trois fois en un demi-siècle (Westermann 1927, Greenberg 1963, Bennett & Sterk 1977) selon les critères retenus par chaque auteur, et Jeff Good documente dans son chapitre de synthèse (2020, voir sources) que la frontiè","left: « proto- » reconstruction terms, many (see ledger)"
jargon,agglutinante,dataset/source/afrik/famille_linguistique/FLG_KWA.json,/content/linguisticCharacteristics/typology,"angues à ordre Sujet-Verbe-Objet (SVO), de morphologie majoritairement isolante à faiblement agglutinante, et sans système de classes nominales de type bantou — c'est précisément l'absence de ce trait qui a servi à distinguer le Kwa du Bénoué-Congo (Bennett & ",left: the term is qualified in that field or the gloss would not fit (see ledger)
jargon,atr,dataset/source/afrik/famille_linguistique/FLG_KWA.json,/content/linguisticCharacteristics/phonologicalFeatures,"ystèmes tonals de registre (2 à 3 tons lexicaux, akan et éwé notamment), harmonie vocalique fondée sur le trait racine de langue avancée (ATR), voyelles nasales phonémiques, et consonnes labio-vélaires doubles (kp, gb) partagées avec les langues gur et krou vo",left: the term is qualified in that field or the gloss would not fit (see ledger)
jargon,proto-kwa,dataset/source/afrik/famille_linguistique/FLG_KWA.json,/content/historyAndOrigins/probableOrigin,ucune reconstruction du proto-Kwa comparable en solidité au proto-bantou n'a stabilisé la question de l'origine commune.,"left: « proto- » reconstruction terms, many (see ledger)"
jargon,proto-bantou,dataset/source/afrik/famille_linguistique/FLG_KWA.json,/content/historyAndOrigins/probableOrigin,ucune reconstruction du proto-Kwa comparable en solidité au proto-bantou n'a stabilisé la question de l'origine commune.,"left: « proto- » reconstruction terms, many (see ledger)"
jargon,proto-tano,dataset/source/afrik/famille_linguistique/FLG_KWA.json,/content/historyAndOrigins/probableOrigin,"Deux positions coexistent dans la littérature : celle qui traite le Kwa restreint comme une unité généalogique réelle issue d'une divergence à partir du Volta-Congo (Stewart 1989, qui reconstruit un proto-Tano pour la branche Nyo), et celle, plus prudente, de ","left: « proto- » reconstruction terms, many (see ledger)"
jargon,glottochronologiques,dataset/source/afrik/famille_linguistique/FLG_KWA.json,/content/historyAndOrigins/emergencePeriod,1) Émergence historique : non datée avec certitude faute de reconstruction robuste ; les hypothèses glottochronologiques restent contestées et ne sont pas retenues ici comme datation.,left: the term is qualified in that field or the gloss would not fit (see ledger)
jargon,phonèmes,dataset/source/afrik/famille_linguistique/FLG_KXA.json,/content/decolonialHeader/whyProblematic,*(Définition : une langue à clic est une langue utilisant des consonnes à clics comme phonèmes distinctifs.,left: the term is qualified in that field or the gloss would not fit (see ledger)
jargon,phonèmes,dataset/source/afrik/famille_linguistique/FLG_KXA.json,/content/decolonialHeader/whyProblematic,"Les langues à clics sont principalement présentes en Afrique australe et orientale, avec des inventaires variant de quelques clics à plus de 50 phonèmes clics distincts.)*",left: the term is qualified in that field or the gloss would not fit (see ledger)
jargon,proto-mandé,dataset/source/afrik/famille_linguistique/FLG_MANDE.json,/content/linguisticCharacteristics/phonologicalFeatures,"**Système consonantique :** Consonnes proto-Mandé estimées incluent *p, b, t, d, k, g, kp, gb* (occlusives labio-vélaires), nasales *m, n, ɲ, ŋ*, approximantes *w, j, l*, fricatives *f, v, s, z*.","left: « proto- » reconstruction terms, many (see ledger)"
jargon,proto-mande,dataset/source/afrik/famille_linguistique/FLG_MANDE.json,/content/linguisticCharacteristics/phonologicalFeatures,"Les occlusives labio-vélaires *kp, gb* sont typiques du proto-Mande et nombreux dans les langues actuelles (Bambara, Mandinka).","left: « proto- » reconstruction terms, many (see ledger)"
jargon,proto-mandé,dataset/source/afrik/famille_linguistique/FLG_MANDE.json,/content/linguisticCharacteristics/phonologicalFeatures,"**Système vocalique :** Proto-Mandé reconstruit avec **9 voyelles orales**, **5 nasales**, plus éventuellement une voyelle syllabique nasale « N ».","left: « proto- » reconstruction terms, many (see ledger)"
jargon,atr,dataset/source/afrik/famille_linguistique/FLG_MANDE.json,/content/linguisticCharacteristics/phonologicalFeatures,Mandinka manque la distinction ATR (Advanced Tongue Root) que d'autres ont.,"explained in batch 7, at its first occurrence in the field"
jargon,proto-mandé,dataset/source/afrik/famille_linguistique/FLG_MANDE.json,/content/linguisticCharacteristics/phonologicalFeatures,**Tonalité :** Le proto-Mandé et les langues actuelles sont tonales.,"left: « proto- » reconstruction terms, many (see ledger)"
jargon,proto-mandés,dataset/source/afrik/famille_linguistique/FLG_MANDE.json,/content/historyAndOrigins/probableOrigin,"**Théorie archéologique :** Certains suggèrent que les locuteurs proto-mandés vivaient dans le **Sahara méridional** (entre 3°-12° longitude Ouest, environ au nord de 16° ou 18° latitude Nord), dans ce qui est aujourd'hui la Mauritanie ou désert du Sahara, dur","left: « proto- » reconstruction terms, many (see ledger)"
jargon,proto-mande,dataset/source/afrik/famille_linguistique/FLG_MANDE.json,/content/historyAndOrigins/probableOrigin,Le foyer hypothétique de Proto-Mande est localisé « dans la deuxième moitié du 4ᵉ millénaire av.,"left: « proto- » reconstruction terms, many (see ledger)"
jargon,proto-mande,dataset/source/afrik/famille_linguistique/FLG_MANDE.json,/content/historyAndOrigins/probableOrigin,"dans le Sahara-Sud, au nord d'environ 16° voire 18° de latitude Nord, entre 3° et 12° de longitude Ouest » selon **Valentin Vydrin** (2016) dans « On the Problem of the Proto-Mande Homeland ».","left: « proto- » reconstruction terms, many (see ledger)"
jargon,proto-mandé,dataset/source/afrik/famille_linguistique/FLG_MANDE.json,/content/historyAndOrigins/emergencePeriod,J.-C.) pour le proto-Mandé selon **Valentin Vydrin** (homeland sud-saharien).,"left: « proto- » reconstruction terms, many (see ledger)"
jargon,proto-mandé,dataset/source/afrik/famille_linguistique/FLG_MANDE.json,/content/historyAndOrigins/diffusion,"Foyer proto-Mandé au sud du Sahara actuel (Mauritanie, sud-Sahara) selon Vydrin.","left: « proto- » reconstruction terms, many (see ledger)"
jargon,proto-mandé,dataset/source/afrik/famille_linguistique/FLG_MANDE.json,/content/historyAndOrigins/diffusion,"Migration-agriculture : expansion de locuteurs proto-Mandé vers régions plus sud, avec agriculture, établissement de royaumes comme Ghana, Mali, etc.","left: « proto- » reconstruction terms, many (see ledger)"
jargon,lexicostatistique,dataset/source/afrik/famille_linguistique/FLG_MANDE.json,/content/historyAndOrigins/diffusion,"Théorie lexicostatistique : Welmers (1958) propose trois sous-groupes internes (nord-ouest, sud, est) sur base statistique lexicale.","kept: the field already says what it is (« sur base statistique lexicale »), or the word is a title"
jargon,proto-mandé,dataset/source/afrik/famille_linguistique/FLG_MANDE.json,/content/historyAndOrigins/majorEvents,"| Proto-Mandé dans la région saharienne sud, diffusion vers les savanes (théorie de Vydrin) | | ~100 – 300 ap.","left: « proto- » reconstruction terms, many (see ledger)"
outside-register,nègre,dataset/source/afrik/famille_linguistique/FLG_NIGERCONGO.json,/content/decolonialHeader/whyProblematic,Plusieurs linguistes coloniaux utilisaient le terme « nègre » ou « nigrid » pour désigner ces langues de manière essentialiste.,"kept: reported, quoted or attributed, or a term the fiche itself criticises"
jargon,proto-atlantic,dataset/source/afrik/famille_linguistique/FLG_NIGERCONGO.json,/content/linguisticCharacteristics/typology,"Reconstruction propose pour le Proto-Atlantic-Congo ou Proto-Bantu des suffixes causatif (*-ci, -ti*), applicatif (*-de*), réciproque (*-na*) etc.","left: « proto- » reconstruction terms, many (see ledger)"
jargon,proto-bantu,dataset/source/afrik/famille_linguistique/FLG_NIGERCONGO.json,/content/linguisticCharacteristics/typology,"Reconstruction propose pour le Proto-Atlantic-Congo ou Proto-Bantu des suffixes causatif (*-ci, -ti*), applicatif (*-de*), réciproque (*-na*) etc.","left: « proto- » reconstruction terms, many (see ledger)"
jargon,proto-atlantic,dataset/source/afrik/famille_linguistique/FLG_NIGERCONGO.json,/content/linguisticCharacteristics/typology,"Préfixes de classes nominales en Proto-Atlantic-Congo (assumé parfois pour Proto-Niger-Congo) : classes 1 (humain singulier), 2 (humain pluriel), etc.","left: « proto- » reconstruction terms, many (see ledger)"
jargon,proto-niger,dataset/source/afrik/famille_linguistique/FLG_NIGERCONGO.json,/content/linguisticCharacteristics/typology,"Préfixes de classes nominales en Proto-Atlantic-Congo (assumé parfois pour Proto-Niger-Congo) : classes 1 (humain singulier), 2 (humain pluriel), etc.","left: « proto- » reconstruction terms, many (see ledger)"
jargon,agglutinantes,dataset/source/afrik/famille_linguistique/FLG_NIGERCONGO.json,/content/linguisticCharacteristics/typology,"**Langues principalement tonales, souvent agglutinantes** ; présence fréquente de classes nominales.","explained in batch 7, at its first occurrence in the field"
jargon,atr,dataset/source/afrik/famille_linguistique/FLG_NIGERCONGO.json,/content/linguisticCharacteristics/phonologicalFeatures,"**Harmonie vocalique** : systèmes avec advance/retracte tongue root (ATR), souvent deux séries de voyelles [+ATR] vs [–ATR].","explained in batch 7, at its first occurrence in the field"
jargon,atr,dataset/source/afrik/famille_linguistique/FLG_NIGERCONGO.json,/content/linguisticCharacteristics/phonologicalFeatures,"**Harmonie vocalique** : systèmes avec advance/retracte tongue root (ATR), souvent deux séries de voyelles [+ATR] vs [–ATR].","explained in batch 7, at its first occurrence in the field"
jargon,atr,dataset/source/afrik/famille_linguistique/FLG_NIGERCONGO.json,/content/linguisticCharacteristics/phonologicalFeatures,"**Harmonie vocalique** : systèmes avec advance/retracte tongue root (ATR), souvent deux séries de voyelles [+ATR] vs [–ATR].","explained in batch 7, at its first occurrence in the field"
jargon,atr,dataset/source/afrik/famille_linguistique/FLG_NIGERCONGO.json,/content/linguisticCharacteristics/phonologicalFeatures,"Contrainte sur les voyelles ATR (Advanced Tongue Root), divisant voyelles en deux séries ex : séries i-e-ə-o-u vs i-ɛ-a-ɔ-u.","explained in batch 7, at its first occurrence in the field"
jargon,atr,dataset/source/afrik/famille_linguistique/FLG_NIGERCONGO.json,/content/linguisticCharacteristics/phonologicalFeatures,"Harmonies vocaliques basées sur le trait *ATR* (Advanced/retracted tongue root) : langues comme certaines Kwa, Gur, etc.","explained in batch 7, at its first occurrence in the field"
jargon,proto-niger,dataset/source/afrik/famille_linguistique/FLG_NIGERCONGO.json,/content/historyAndOrigins/probableOrigin,"**Théorie archéologique / Paléoclimatique** : **Roger Blench** (2006, 2016) propose que le Proto-Niger-Congo remonte à environ **11 000-10 000 ans avant le présent**, dans une partie du ""Sahara vert"" (Sahel / sud du Sahara) à la suite de la désertification du ","left: « proto- » reconstruction terms, many (see ledger)"
jargon,proto-niger,dataset/source/afrik/famille_linguistique/FLG_NIGERCONGO.json,/content/historyAndOrigins/probableOrigin,Proto-Niger-Congo se répand suite à la désertification du Sahara et à des migrations agricoles/technologiques.,"left: « proto- » reconstruction terms, many (see ledger)"
jargon,proto-niger,dataset/source/afrik/famille_linguistique/FLG_NIGERCONGO.json,/content/historyAndOrigins/emergencePeriod,(1) **Émergence historique de la famille linguistique** : Proto-Niger-Congo estimé vers **11 000-10 000 ans avant le présent** (≈ 9 000-8 000 avant J-C) selon Blench.,"left: « proto- » reconstruction terms, many (see ledger)"
jargon,proto-langue,dataset/source/afrik/famille_linguistique/FLG_NIGERCONGO.json,/content/historyAndOrigins/emergencePeriod,"Le phylum issu d'une proto-langue qui pourrait dater d'environ 11 000–10 000 ans BP (avant présent), selon Blench.","left: « proto- » reconstruction terms, many (see ledger)"
jargon,proto-niger,dataset/source/afrik/famille_linguistique/FLG_NIGERCONGO.json,/content/historyAndOrigins/emergencePeriod,Origine probable du Proto-Niger-Congo dans le Sahel / sud Sahara humide selon Blench et autres.,"left: « proto- » reconstruction terms, many (see ledger)"
jargon,proto-niger,dataset/source/afrik/famille_linguistique/FLG_NIGERCONGO.json,/content/historyAndOrigins/diffusion,"(Blench, Hyman et al.) Expansion post-Sahara vert liée à l'agriculture : Proto-Niger-Congo se répand suite à la désertification du Sahara et à des migrations agricoles/technologiques.","left: « proto- » reconstruction terms, many (see ledger)"
jargon,proto-niger,dataset/source/afrik/famille_linguistique/FLG_NIGERCONGO.json,/content/historyAndOrigins/historicalBreaks,"- Expansion bantoue vers l'Afrique centrale et australe (vers 3000-2000 BP) - Divergence des branches principales (Atlantic, Mande, Gur, Kwa, Benue-Congo) à partir du Proto-Niger-Congo - Développement des royaumes Yoruba, Akan, Bini, etc.","left: « proto- » reconstruction terms, many (see ledger)"
jargon,proto-niger,dataset/source/afrik/famille_linguistique/FLG_NIGERCONGO.json,/content/historyAndOrigins/majorEvents,| Date approximative | Événement | |--------------------|-----------| | ~11 000-10 000 ans BP | Origine probable du Proto-Niger-Congo dans le Sahel / sud Sahara humide selon Blench et autres.,"left: « proto- » reconstruction terms, many (see ledger)"
jargon,proto-niger,dataset/source/afrik/famille_linguistique/FLG_NIGERCONGO.json,/content/historyAndOrigins/majorEvents,Divergence estimée de Proto-Niger-Congo dans la zone Sahara vert / Afrique de l'Ouest.,"left: « proto- » reconstruction terms, many (see ledger)"
jargon,proto-niger,dataset/source/afrik/famille_linguistique/FLG_NIGERCONGO.json,/content/historyAndOrigins/majorEvents,| | 2006-2016 | Contributions de Blench sur l'origine paléoenvironnementale (dates avancées pour Proto-Niger-Congo).,"left: « proto- » reconstruction terms, many (see ledger)"
jargon,atr,dataset/source/afrik/famille_linguistique/FLG_NILOSAHARIENNE.json,/content/linguisticCharacteristics/phonologicalFeatures,"**Harmonie vocalique ATR :** Très présente dans Nilotic, Surmic, Central Sudanic : les voyelles sont divisées en sets ATR+ (advanced tongue root) / ATR- (retracted tongue root), avec restrictions sur co-occurrence dans le mot.","explained in batch 7, at its first occurrence in the field"
jargon,atr,dataset/source/afrik/famille_linguistique/FLG_NILOSAHARIENNE.json,/content/linguisticCharacteristics/phonologicalFeatures,"**Harmonie vocalique ATR :** Très présente dans Nilotic, Surmic, Central Sudanic : les voyelles sont divisées en sets ATR+ (advanced tongue root) / ATR- (retracted tongue root), avec restrictions sur co-occurrence dans le mot.","explained in batch 7, at its first occurrence in the field"
jargon,atr,dataset/source/afrik/famille_linguistique/FLG_NILOSAHARIENNE.json,/content/linguisticCharacteristics/phonologicalFeatures,"**Harmonie vocalique ATR :** Très présente dans Nilotic, Surmic, Central Sudanic : les voyelles sont divisées en sets ATR+ (advanced tongue root) / ATR- (retracted tongue root), avec restrictions sur co-occurrence dans le mot.","explained in batch 7, at its first occurrence in the field"
jargon,atr,dataset/source/afrik/famille_linguistique/FLG_NILOSAHARIENNE.json,/content/linguisticCharacteristics/relationsWithNeighbors,"Par exemple, harmonie vocalique ATR partagée avec langues Niger-Congo, ou tonalité acquise par contact dans certaines zones.",left: the term is qualified in that field or the gloss would not fit (see ledger)
jargon,proto-nilo,dataset/source/afrik/famille_linguistique/FLG_NILOSAHARIENNE.json,/content/linguisticCharacteristics/keyInnovations,"Proto-Nilo-Saharan selon Blench (2010) aurait développé ce système singulier simple, pluriel avec suffixe, collectifs pour des groupes non dénombrables ou classes collectives.","left: « proto- » reconstruction terms, many (see ledger)"
jargon,isoglosse,dataset/source/afrik/famille_linguistique/FLG_NILOSAHARIENNE.json,/content/linguisticCharacteristics/keyInnovations,"**Trait novateur proposé :** Bender (2000) identifie un isoglosse (un mot ou un trait partagé par plusieurs langues) *kutuk* « bouche » et *(ko)TVS-(Vg)* pour « trois », partagé entre plusieurs langues comme Nilotic, Surmic, Taman, suggérant une innovation par",kept: already defined in the field
jargon,proto-nilo,dataset/source/afrik/famille_linguistique/FLG_NILOSAHARIENNE.json,/content/historyAndOrigins/probableOrigin,Blench (2010) propose le système singulatif-collectif-pluriel comme innovation proto-Nilo-Saharan.,"left: « proto- » reconstruction terms, many (see ledger)"
jargon,proto-nilo,dataset/source/afrik/famille_linguistique/FLG_NILOSAHARIENNE.json,/content/historyAndOrigins/emergencePeriod,"**(1) Émergence historique du groupe linguistique (protolangage) :** Propositions situent le *Proto-Nilo-Saharien* entre 8000 à 12000 ans avant le présent (Holocène), souvent lié au climat humide du Sahara (African Humid Period, ~8000-5500 av.","left: « proto- » reconstruction terms, many (see ledger)"
jargon,proto-groupe,dataset/source/afrik/famille_linguistique/FLG_NILOSAHARIENNE.json,/content/historyAndOrigins/diffusion,"Classification plutôt tardive, avec plusieurs vagues de contact, migrations et influences, sans qu'il y ait eu nécessairement un proto-groupe homogène.","left: « proto- » reconstruction terms, many (see ledger)"
jargon,proto-nilotic,dataset/source/afrik/famille_linguistique/FLG_NILOSAHARIENNE.json,/content/historyAndOrigins/majorEvents,":** Communautés pastorales le long d'anciennes voies fluviales comme le Wadi Howar, pastoralisme précoce (proto-Nilotic) en réponse à l'aridité croissante.","left: « proto- » reconstruction terms, many (see ledger)"
outside-register,hamitiques,dataset/source/afrik/famille_linguistique/FLG_NILOTIQUE.json,/content/decolonialHeader/whyProblematic,"**Défense de l'africanité** : Bernd Heine et Derek Nurse (2000) dans *African Languages: An Introduction* (Cambridge University Press) affirment que les traits dits « hamitiques » dans les langues nilotiques orientales (genre grammatical, emprunts lexicaux) so","kept: reported, quoted or attributed, or a term the fiche itself criticises"
outside-register,hamitiques,dataset/source/afrik/famille_linguistique/FLG_NILOTIQUE.json,/content/decolonialHeader/whyProblematic,"Plusieurs linguistes africains contemporains (Gerrit Dimmendaal, Lionel Bender) insistent sur l'autonomie des langues nilotiques sans référence à des hypothétiques « éléments hamitiques ».","kept: reported, quoted or attributed, or a term the fiche itself criticises"
outside-register,hamitiques,dataset/source/afrik/famille_linguistique/FLG_NILOTIQUE.json,/content/decolonialHeader/originOfHistoricalTerm,"Le terme « nilo-chamitique » a été introduit par Carl Meinhof (début XXᵉ siècle) dans le cadre de classifications raciales coloniales, affirmant que certaines langues nilotiques orientales et méridionales (Maasai, Turkana) seraient un mélange de traits nilotiq","kept: reported, quoted or attributed, or a term the fiche itself criticises"
jargon,proto-nilotique,dataset/source/afrik/famille_linguistique/FLG_NILOTIQUE.json,/content/historyAndOrigins/emergencePeriod,Émergence historique de la FLG** : Divergence du proto-Nilotique estimée linguistiquement il y a environ **3000-4000 ans** (fin du IIIᵉ millénaire - début du IIᵉ millénaire av.,"left: « proto- » reconstruction terms, many (see ledger)"
jargon,proto-nilotic,dataset/source/afrik/famille_linguistique/FLG_NILOTIQUE.json,/content/historyAndOrigins/emergencePeriod,"Coïncide avec expansion de l'agropastoralisme dans zones nilotiques, reconstruction proto-Nilotic par Dimmendaal (1988).","left: « proto- » reconstruction terms, many (see ledger)"
jargon,agglutinants,dataset/source/afrik/famille_linguistique/FLG_OMOTIQUE.json,/content/linguisticCharacteristics/typology,"Morphologie mixte : certains traits agglutinants, d'autres plus fusionnels.",left: the term is qualified in that field or the gloss would not fit (see ledger)
jargon,phonèmes,dataset/source/afrik/famille_linguistique/FLG_OMOTIQUE.json,/content/linguisticCharacteristics/phonologicalFeatures,Inventaire consonantique riche : généralement entre 20 et 30 phonèmes consonantiques.,"explained in batch 7, at its first occurrence in the field"
jargon,glottalisées,dataset/source/afrik/famille_linguistique/FLG_OMOTIQUE.json,/content/linguisticCharacteristics/phonologicalFeatures,"Consonnes glottalisées, emphatiques, traits de glottalité.","explained in batch 7, at its first occurrence in the field"
jargon,proto-omotiques,dataset/source/afrik/famille_linguistique/FLG_OMOTIQUE.json,/content/historyAndOrigins/emergencePeriod,(1) Émergence historique de la famille Omotique : Les langues proto-Omotiques auraient divergé avant le développement du pastoralisme dans la corne de l'Afrique.,"left: « proto- » reconstruction terms, many (see ledger)"
jargon,lexicostatistical,dataset/source/afrik/famille_linguistique/FLG_OMOTIQUE.json,/content/historyAndOrigins/emergencePeriod,"J.-C.), selon Blažek (2008) dans « Lexicostatistical Comparison of Omotic Languages » (John Benjamins Publishing Company).","kept: the field already says what it is (« sur base statistique lexicale »), or the word is a title"
outside-register,nègre,dataset/source/afrik/famille_linguistique/FLG_SAHARIEN.json,/content/decolonialHeader/whyProblematic,"- Des auteurs coloniaux ont utilisé des classifications raciales (notamment l'opposition « hamite » vs « nègre ») pour catégoriser les peuples sahariens (notamment les Toubous), créant des hiérarchies pseudo-historiques.","kept: reported, quoted or attributed, or a term the fiche itself criticises"
jargon,proto-saharien,dataset/source/afrik/famille_linguistique/FLG_SAHARIEN.json,/content/historyAndOrigins/probableOrigin,"Les reconstructions linguistiques suggèrent que le proto-Saharien a été parlé plusieurs milliers d'années avant aujourd'hui, possiblement au Néolithique (5ᵉ-4ᵉ millénaire av.","left: « proto- » reconstruction terms, many (see ledger)"
jargon,proto-saharien,dataset/source/afrik/famille_linguistique/FLG_SAHARIEN.json,/content/historyAndOrigins/emergencePeriod,"Émergence historique de la famille Saharienne : les reconstructions linguistiques suggèrent que le proto-Saharien a été parlé plusieurs milliers d'années avant aujourd'hui, possiblement au Néolithique (5ᵉ-4ᵉ millénaire av.","left: « proto- » reconstruction terms, many (see ledger)"
jargon,proto-saharienne,dataset/source/afrik/famille_linguistique/FLG_SAHARIEN.json,/content/historyAndOrigins/emergencePeriod,Les travaux récents de Norbert Cyffer (2020) dans l'Oxford Handbook of African Languages constituent une mise à jour importante de la reconstruction proto-Saharienne.,"left: « proto- » reconstruction terms, many (see ledger)"
outside-register,nègres,dataset/source/afrik/famille_linguistique/FLG_SEMITIQUE.json,/content/decolonialHeader/whyProblematic,"La notion de « Chamites », opposée à « Sémites », a été utilisée par des auteurs coloniaux (notamment Ernest Renan, Friedrich Müller) pour attribuer certains progrès techniques ou civilisations africaines à des étrangers « non-nègres », créant une dichotomie a","kept: reported, quoted or attributed, or a term the fiche itself criticises"
outside-register,primitifs,dataset/source/afrik/famille_linguistique/FLG_SEMITIQUE.json,/content/decolonialHeader/whyProblematic,"La notion de « Chamites », opposée à « Sémites », a été utilisée par des auteurs coloniaux (notamment Ernest Renan, Friedrich Müller) pour attribuer certains progrès techniques ou civilisations africaines à des étrangers « non-nègres », créant une dichotomie a","kept: reported, quoted or attributed, or a term the fiche itself criticises"
outside-register,nègres,dataset/source/afrik/famille_linguistique/FLG_SEMITIQUE.json,/content/decolonialHeader/whyProblematic,"Des auteurs africains ont critiqué cette vision : **Cheikh Anta Diop** (1923-1986) dans *Nations nègres et culture* (1954) et *Antériorité des civilisations nègres* (1967) a dénoncé la division Chamites/Sémites comme eurocentrée, affirmant l'origine africaine ","kept: reported, quoted or attributed, or a term the fiche itself criticises"
outside-register,nègres,dataset/source/afrik/famille_linguistique/FLG_SEMITIQUE.json,/content/decolonialHeader/whyProblematic,"Des auteurs africains ont critiqué cette vision : **Cheikh Anta Diop** (1923-1986) dans *Nations nègres et culture* (1954) et *Antériorité des civilisations nègres* (1967) a dénoncé la division Chamites/Sémites comme eurocentrée, affirmant l'origine africaine ","kept: reported, quoted or attributed, or a term the fiche itself criticises"
jargon,glottalisées,dataset/source/afrik/famille_linguistique/FLG_SEMITIQUE.json,/content/linguisticCharacteristics/phonologicalFeatures,"Consonnes emphatiques (pharyngalisées ou glottalisées) : en arabe /ṭ/ /ṣ/ /ḍ/ /ẓ/, exemples *ṭālib* « étudiant » vs *talib* « chercheur », *ṣādiq* « véridique ».",left: the term is qualified in that field or the gloss would not fit (see ledger)
jargon,proto-sémitique,dataset/source/afrik/famille_linguistique/FLG_SEMITIQUE.json,/content/historyAndOrigins/probableOrigin,**Théorie linguistique principale** : Le proto-sémitique est une branche de la famille afro-asiatique.,"left: « proto- » reconstruction terms, many (see ledger)"
jargon,proto-sémitique,dataset/source/afrik/famille_linguistique/FLG_SEMITIQUE.json,/content/historyAndOrigins/probableOrigin,"Mulligan** (2009) dans *""Bayesian phylogenetic analysis of Semitic languages identifies an Early Bronze Age origin of Semitic in the Near East""* (Proceedings of the Royal Society B) estiment que le proto-sémitique a divergé il y a environ **5 750 ans avant le ","left: « proto- » reconstruction terms, many (see ledger)"
jargon,proto-sémitique,dataset/source/afrik/famille_linguistique/FLG_SEMITIQUE.json,/content/historyAndOrigins/emergencePeriod,(1) **Émergence historique de la FLG** : Proto-sémitique estimé vers **3750-3000 av.,"left: « proto- » reconstruction terms, many (see ledger)"
outside-register,hamitique,dataset/source/afrik/famille_linguistique/FLG_SONGHAY.json,/content/decolonialHeader/historicalAppellations/3,amitique,"kept: reported, quoted or attributed, or a term the fiche itself criticises"
jargon,proto-central,dataset/source/afrik/famille_linguistique/FLG_SOUDANIQUECENTRAL.json,/content/historyAndOrigins/emergencePeriod,(1) Émergence historique de la famille linguistique : - Le proto-Central Sudanic aurait divergé il y a plusieurs milliers d'années.,"left: « proto- » reconstruction terms, many (see ledger)"
outside-register,hamitique,dataset/source/afrik/famille_linguistique/FLG_TCHADIQUE.json,/content/decolonialHeader/whyProblematic,Le regroupement « hamitique » servait une hiérarchie raciale artificielle.,"kept: reported, quoted or attributed, or a term the fiche itself criticises"
outside-register,hamitique,dataset/source/afrik/famille_linguistique/FLG_TCHADIQUE.json,/content/decolonialHeader/contemporaryUsage,"e terme est maintenant universellement accepté en linguistique (SIL Ethnologue, Glottolog, UNESCO) et préféré à « hamitique » pour des raisons scientifiques et décoloniales.","kept: reported, quoted or attributed, or a term the fiche itself criticises"
outside-register,hamitique,dataset/source/afrik/famille_linguistique/FLG_TCHADIQUE.json,/content/decolonialHeader/historicalAppellations/0,amitique,"kept: reported, quoted or attributed, or a term the fiche itself criticises"
jargon,proto-tchadiques,dataset/source/afrik/famille_linguistique/FLG_TCHADIQUE.json,/content/historyAndOrigins/probableOrigin,Plusieurs théories coexistent concernant l'origine géographique et les routes migratoires des locuteurs proto-tchadiques.,"left: « proto- » reconstruction terms, many (see ledger)"
jargon,agglutinantes,dataset/source/afrik/famille_linguistique/FLG_TUU.json,/content/linguisticCharacteristics/typology,"Structures morphologiques agglutinantes, avec dérivation par affixes.","explained in batch 7, at its first occurrence in the field"
jargon,proto-tuu,dataset/source/afrik/famille_linguistique/FLG_TUU.json,/content/historyAndOrigins/probableOrigin,Güldemann démontre que Tuu forme une famille distincte avec deux branches (Taa et ǃKwi) partageant un ancêtre commun (proto-Tuu) mais sans relation génétique démontrée avec Kxʼa ou Khoe malgré des siècles de contact.,"left: « proto- » reconstruction terms, many (see ledger)"
jargon,proto-tuu,dataset/source/afrik/famille_linguistique/FLG_TUU.json,/content/historyAndOrigins/probableOrigin,La reconstruction proto-Tuu du mot *!hai* « gemsbok » (antilope du Kalahari) suggère que les locuteurs proto-Tuu habitaient cette région (Güldemann 2005).,"left: « proto- » reconstruction terms, many (see ledger)"
jargon,proto-tuu,dataset/source/afrik/famille_linguistique/FLG_TUU.json,/content/historyAndOrigins/probableOrigin,La reconstruction proto-Tuu du mot *!hai* « gemsbok » (antilope du Kalahari) suggère que les locuteurs proto-Tuu habitaient cette région (Güldemann 2005).,"left: « proto- » reconstruction terms, many (see ledger)"
jargon,proto-tuu,dataset/source/afrik/famille_linguistique/FLG_TUU.json,/content/historyAndOrigins/probableOrigin,"**Théorie de la diffusion préhistorique** : Les proto-Tuu étaient probablement des chasseurs-cueilleurs dispersés dans le Kalahari méridional (Botswana, Namibie, Afrique du Sud) avant l'arrivée des pasteurs Khoe (~2 000 ans) et des agriculteurs bantous (~1 200","left: « proto- » reconstruction terms, many (see ledger)"
jargon,proto-tuu,dataset/source/afrik/famille_linguistique/FLG_TUU.json,/content/historyAndOrigins/emergencePeriod,"**(1) Émergence historique de la FLG** : Le proto-Tuu était probablement parlé dans la région du Kalahari (Botswana/Namibie) il y a plusieurs millénaires, peut-être 5 000-10 000 ans avant le présent, bien que les reconstructions linguistiques ne permettent pas","left: « proto- » reconstruction terms, many (see ledger)"
jargon,proto-tuu,dataset/source/afrik/famille_linguistique/FLG_TUU.json,/content/historyAndOrigins/diffusion,"**Théorie 1 (statique)** : Les proto-Tuu étaient autochtones au Kalahari méridional, sans expansion majeure.","left: « proto- » reconstruction terms, many (see ledger)"
outside-register,fétiche,dataset/source/afrik/patronymes/PAT_DIARRA.json,/origin/linguisticReconstructions/1/claim,"e nom de clan Jàra, dont Diarra est la transcription française usuelle, est identique au mot bambara jàra, qui désigne le lion (wáraba en est le synonyme) et, dans un second sens que le dictionnaire donne à part, le fétiche.",kept: the word glosses a local term the field names (operator ruling 2026-10-03)
outside-register,fétiche,dataset/source/afrik/patronymes/PAT_DIARRA.json,/origin/linguisticReconstructions/1/claim,"Aucune source consultée ne dit si le clan tient son nom du fauve, du fétiche ou d'autre chose : l'origine du nom n'est pas établie.",kept: the word glosses a local term the field names (operator ruling 2026-10-03)
outside-register,hamitique,dataset/source/afrik/pays/BDI.json,/content/majorPeoples/1/exonyms/1,La thèse hamitique était une construction raciste européenne visant à opposer les peuples de la région et à légitimer des hiérarchies coloniales.,"kept: reported, quoted or attributed, or a term the fiche itself criticises"
outside-register,hamitique,dataset/source/afrik/pays/BDI.json,/content/historicalFacts/colonization,"""Thèse hamitique"" coloniale raciste.","kept: reported, quoted or attributed, or a term the fiche itself criticises"
outside-register,païen,dataset/source/afrik/pays/CMR.json,/content/majorPeoples/3/exonyms/0,"Kirdi"" (terme haoussa signifiant ""païen""","kept: reported, quoted or attributed, or a term the fiche itself criticises"
outside-register,païen,dataset/source/afrik/pays/CMR.json,/content/majorPeoples/3/appellationRemarks,"Kirdi"" est un terme haoussa signifiant ""païen"" utilisé pour désigner les peuples non islamisés du Nord.","kept: reported, quoted or attributed, or a term the fiche itself criticises"
jargon,proto-mandé,dataset/source/afrik/pays/MLI.json,/content/historicalNames/antiquity,"e territoire était peuplé de groupes proto-mandé, soninké, peuls, bozo sans nom unifié.","left: « proto- » reconstruction terms, many (see ledger)"
jargon,proto-mandé,dataset/source/afrik/pays/MLI.json,/content/historicalFacts/ancientPeriods,"euplement du territoire par des groupes proto-mandé, soninké, peuls, bozo.","left: « proto- » reconstruction terms, many (see ledger)"
outside-register,hamitique,dataset/source/afrik/pays/RWA.json,/content/majorPeoples/1/appellationRemarks,"La ""thèse hamitique"" coloniale était une construction raciste.","kept: reported, quoted or attributed, or a term the fiche itself criticises"
outside-register,hamitique,dataset/source/afrik/pays/RWA.json,/content/historicalFacts/colonization,"""Thèse hamitique"" coloniale raciste.","kept: reported, quoted or attributed, or a term the fiche itself criticises"
jargon,proto-zoulou,dataset/source/afrik/pays/ZAF.json,/content/historicalNames/middleAges,"éveloppement de royaumes Nguni (proto-Zoulou, Xhosa, Swazi, Ndebele), chefferies Sotho-Tswana, royaumes Venda et Tsonga.","left: « proto- » reconstruction terms, many (see ledger)"
jargon,proto-zoulou,dataset/source/afrik/pays/ZAF.json,/content/historicalFacts/middleAges,"éveloppement de royaumes Nguni (proto-Zoulou, Xhosa, Swazi, Ndebele), chefferies Sotho-Tswana, royaumes Venda et Tsonga.","left: « proto- » reconstruction terms, many (see ledger)"
outside-register,sauvage,dataset/source/afrik/peuples/FLG_ATLANTIQUE/PPL_BIDYOGO.json,/content/culture/symbols,"es masques zoomorphes vache-bruta (vache sauvage), requins, raies et autres animaux marins sont les symboles les plus caracteristiques de l'art bijago.","kept: a wild plant or animal, or an use reported as pejorative"
outside-register,sauvages,dataset/source/afrik/peuples/FLG_AUSTRONESIENNE/PPL_ANTANDROY.json,/content/historicalRole/relationsWithNeighbors,"Depuis l'independance, stereotype negatif repandu parmi les Malgaches (demi-sauvages) ayant provoque discrimination et marginalisation economique.","kept: a wild plant or animal, or an use reported as pejorative"
jargon,proto-malgache,dataset/source/afrik/peuples/FLG_AUSTRONESIENNE/PPL_BETSILEO.json,/content/origins/ancientOrigins,"Le groupe proto-malgache central-oriental — ancêtre commun des Betsileo, Merina, Bezanozano et Sihanaka — s'est différencié des autres sous-groupes après les premières vagues d'installation.","left: « proto- » reconstruction terms, many (see ledger)"
jargon,proto-malgache,dataset/source/afrik/peuples/FLG_AUSTRONESIENNE/PPL_BETSILEO.json,/content/origins/migrationRoutes/1,ifférenciation du proto-malgache central-oriental vers les plateaux du sud (Xe-XIVe siècle),"left: « proto- » reconstruction terms, many (see ledger)"
outside-register,primitif,dataset/source/afrik/peuples/FLG_AUSTRONESIENNE/PPL_MIKEA.json,/content/appellations/whyProblematic,e terme Mikea peut etre stigmatisant : les populations urbaines et rurales voisines les associent parfois a un mode de vie primitif ou les assimilent aux Vazimba legendaires.,"kept: reported, quoted or attributed, or a term the fiche itself criticises"
outside-register,sauvages,dataset/source/afrik/peuples/FLG_AUSTRONESIENNE/PPL_MIKEA.json,/content/culture/symbols,Babo et ovy (tubercules sauvages) : symboles de survie et d'adaptation au milieu forestier.,"kept: a wild plant or animal, or an use reported as pejorative"
outside-register,primitifs,dataset/source/afrik/peuples/FLG_AUSTRONESIENNE/PPL_MIKEA.json,/content/historicalRole/relationsWithNeighbors,Stigmatisation sociale persistante : les habitants des villes et villages les considerent souvent comme primitifs.,"kept: reported, quoted or attributed, or a term the fiche itself criticises"
outside-register,sauvages,dataset/source/afrik/peuples/FLG_AUSTRONESIENNE/PPL_VEZO.json,/content/historicalRole/relationsWithNeighbors,"Avec les Mikea (chasseurs-cueilleurs de la forêt épineuse), les échanges portent sur le poisson contre le miel et les tubercules sauvages.","kept: a wild plant or animal, or an use reported as pejorative"
jargon,proto-bantou,dataset/source/afrik/peuples/FLG_BANTU/PPL_AUTRES_PEUPLES_BANTOUS.json,/content/origins/ancientOrigins,es peuples bantous du Gabon descendent de vagues migratoires parties du foyer proto-bantou situe entre le Cameroun et le Nigeria il y a environ 4 000 a 5 000 ans.,"left: « proto- » reconstruction terms, many (see ledger)"
jargon,proto-bantous,dataset/source/afrik/peuples/FLG_BANTU/PPL_BANTOUS_SOMALIENS.json,/content/origins/ancientOrigins,"Les ancetres proto-bantous etaient originaires du foyer Nigeria-Cameroun, d'ou ils emigrerent il y a 2 500 a 3 000 ans vers l'Afrique centrale, australe et orientale.","left: « proto- » reconstruction terms, many (see ledger)"
outside-register,hamitique,dataset/source/afrik/peuples/FLG_BANTU/PPL_BANYANKOLE.json,/content/origins/ancientOrigins,"Les Bahima (eleveurs), probablement d'origine hamitique venue d'Ethiopie, migreraient du nord et auraient conquis les Bairu, formant une societe bicephalique caracteristique.",corrected in batch 7
outside-register,pillards,dataset/source/afrik/peuples/FLG_BANTU/PPL_BENDE.json,/content/origins/externalInfluences,La strategie defensive Bende consistait a se retirer dans la foret miombo en abandonnant les champs aux pillards.,"kept: reported, quoted or attributed, or a term the fiche itself criticises"
outside-register,sauvage,dataset/source/afrik/peuples/FLG_BANTU/PPL_DIGO.json,/content/appellations/whyProblematic,"e terme Nyika est considere comme offensant et devalorisant, car il associe le peuple a un environnement marginal et sauvage.","kept: a wild plant or animal, or an use reported as pejorative"
jargon,proto-locuteurs,dataset/source/afrik/peuples/FLG_BANTU/PPL_FANG.json,/content/origins/ancientOrigins,"es Fang sont un peuple bantou dont les proto-locuteurs ont ete situes, par glottochronologie, dans la foret du sud du Cameroun il y a plus de 4 000 ans.","left: « proto- » reconstruction terms, many (see ledger)"
jargon,glottochronologie,dataset/source/afrik/peuples/FLG_BANTU/PPL_FANG.json,/content/origins/ancientOrigins,"es Fang sont un peuple bantou dont les proto-locuteurs ont ete situes, par glottochronologie, dans la foret du sud du Cameroun il y a plus de 4 000 ans.","explained in batch 7, at its first occurrence in the field"
jargon,proto-etat,dataset/source/afrik/peuples/FLG_BANTU/PPL_HEHE.json,/content/origins/formationPeriod,Il s'inspira de l'organisation militaire et des tactiques des Ngoni pour creer un proto-Etat.,"left: « proto- » reconstruction terms, many (see ledger)"
jargon,proto-etat,dataset/source/afrik/peuples/FLG_BANTU/PPL_HEHE.json,/content/historicalRole/kingdomsOrChiefdoms,"roto-etat hehe fonde par Munyigumba (vers 1850-1878), consolide par Mkwawa (1880-1898).","left: « proto- » reconstruction terms, many (see ledger)"
jargon,proto-langue,dataset/source/afrik/peuples/FLG_BANTU/PPL_KISII.json,/content/origins/ancientOrigins,"Leur proto-langue emerge du bantou meridional du Nigeria et ouest du Cameroun, avec une expansion vers le sud et l'est de l'Afrique.","left: « proto- » reconstruction terms, many (see ledger)"
outside-register,fétiche,dataset/source/afrik/peuples/FLG_BANTU/PPL_KONGO.json,/content/culture/spiritualities,"Trois mots distincts du kikongo tournent autour de ces notions et ne se confondent pas : nzambi désigne l'Être Suprême, zumbi un fétiche bienfaisant, mvumbi un cadavre.",kept: the word glosses a local term the field names (operator ruling 2026-10-03)
outside-register,fétiche,dataset/source/afrik/peuples/FLG_BANTU/PPL_KONGO.json,/content/historicalRole/diaspora,"Le dictionnaire kikongo de Butaye (1910) donne nzambi pour l'Être Suprême, zumbi pour un fétiche bienfaisant et mvumbi pour un cadavre ; le kimbundu voisin donne nzumbi pour l'âme d'un mort qui revient en paix.",kept: the word glosses a local term the field names (operator ruling 2026-10-03)
jargon,proto-northeast,dataset/source/afrik/peuples/FLG_BANTU/PPL_KUTU.json,/content/origins/ancientOrigins,Leurs ancetres font partie des populations proto-Northeast-Coastal-Bantu qui ont migre dans le centre-est de la Tanzanie dans le dernier millenaire de l'ere pre-chretienne.,"left: « proto- » reconstruction terms, many (see ledger)"
jargon,proto-lozi,dataset/source/afrik/peuples/FLG_BANTU/PPL_KWANDI.json,/content/appellations/contemporaryUsage,es Kwandi sont reconnus comme l'un des groupes proto-Lozi de la Province Occidentale de Zambie.,"left: « proto- » reconstruction terms, many (see ledger)"
jargon,proto-lozi,dataset/source/afrik/peuples/FLG_BANTU/PPL_KWANDI.json,/content/appellations/ethnoLinguisticGroup,"roupe Luyana-Lozi, sous-groupe proto-Lozi, Bantu occidental","left: « proto- » reconstruction terms, many (see ledger)"
jargon,proto-lozi,dataset/source/afrik/peuples/FLG_BANTU/PPL_KWANDI.json,/content/organization/traditionalPoliticalSystem,"hefferie fondee par Mwanabinyi, sans chef independant apres le fondateur : les Kwandi payaient tribut au chef Luyi et etaient consideres comme proto-Lozi, c'est-a-dire appartenant au noyau de l'aristocratie du Barotseland.","left: « proto- » reconstruction terms, many (see ledger)"
jargon,proto-lozi,dataset/source/afrik/peuples/FLG_BANTU/PPL_KWANDI.json,/content/culture/symbols,ppartenance au noyau proto-Lozi confere aux Kwandi un statut de prestige dans la societe du Barotseland.,"left: « proto- » reconstruction terms, many (see ledger)"
jargon,proto-lozi,dataset/source/afrik/peuples/FLG_BANTU/PPL_KWANDI.json,/content/historicalRole/kingdomsOrChiefdoms,Le Kwandi ne possedait pas de chef propre apres le fondateur mais jouissait d'un statut privilegié dans la hierarchie du Barotseland comme groupe proto-Lozi.,"left: « proto- » reconstruction terms, many (see ledger)"
jargon,proto-lozi,dataset/source/afrik/peuples/FLG_BANTU/PPL_KWANDI.json,/content/historicalRole/relationsWithNeighbors,iens etroits avec les Kwangwa (autre groupe proto-Lozi fonde par Mange).,"left: « proto- » reconstruction terms, many (see ledger)"
jargon,proto-lozi,dataset/source/afrik/peuples/FLG_BANTU/PPL_KWANGWA.json,/content/appellations/contemporaryUsage,"Les Kwangwa font partie du grand ensemble Lozi-Barotse tout en etant reconnus comme proto-Lozi, avec le plus haut statut apres les Lozi proprement dits dans la hierarchie du Barotseland.","left: « proto- » reconstruction terms, many (see ledger)"
jargon,proto-lozi,dataset/source/afrik/peuples/FLG_BANTU/PPL_KWANGWA.json,/content/appellations/ethnoLinguisticGroup,"roupe Luyana-Lozi, sous-groupe proto-Lozi, Bantu occidental (Guthrie K.72)","left: « proto- » reconstruction terms, many (see ledger)"
jargon,proto-lozi,dataset/source/afrik/peuples/FLG_BANTU/PPL_KWANGWA.json,/content/organization/traditionalPoliticalSystem,"Dans la hierarchie tribale Lozi, les Kwangwa et les Kwandi etaient consideres proto-Lozi, occupant le rang le plus eleve apres les Lozi proprement dits.","left: « proto- » reconstruction terms, many (see ledger)"
jargon,proto-lozi,dataset/source/afrik/peuples/FLG_BANTU/PPL_KWANGWA.json,/content/historicalRole/kingdomsOrChiefdoms,Le statut de proto-Lozi conferait aux Kwangwa le rang le plus eleve dans la hierarchie des groupes tributaires du Barotseland apres les Lozi proprement dits.,"left: « proto- » reconstruction terms, many (see ledger)"
jargon,proto-lozi,dataset/source/afrik/peuples/FLG_BANTU/PPL_KWANGWA.json,/content/historicalRole/relationsWithNeighbors,iens etroits avec les Kwandi (autre groupe proto-Lozi fonde par Mwanabinyi).,"left: « proto- » reconstruction terms, many (see ledger)"
jargon,proto-northeast,dataset/source/afrik/peuples/FLG_BANTU/PPL_KWERE.json,/content/origins/ancientOrigins,"Les Kwere sont membres du sous-groupe Ruvu des langues Bantu de la cote nord-est (proto-Northeast-Coastal-Bantu), etroitement apparentes aux Zaramo, Luguru, Kutu, Kami et Doe.","left: « proto- » reconstruction terms, many (see ledger)"
outside-register,sauvage,dataset/source/afrik/peuples/FLG_BANTU/PPL_LUGURU.json,/content/culture/artsAndMusic,"es femmes Luguru fabriquent la poterie, tissent des nattes de sommeil et des paniers de graminee sauvage.","kept: a wild plant or animal, or an use reported as pejorative"
jargon,proto-meru,dataset/source/afrik/peuples/FLG_BANTU/PPL_MERU.json,/content/origins/ancientOrigins,"elon la tradition orale meru, les ancetres des Ameru (appeles Ngaa ou proto-Meru) vivaient sur l'ile cotiere de Manda (cote nord du Kenya actuel) avant 1700.","left: « proto- » reconstruction terms, many (see ledger)"
jargon,proto-meru,dataset/source/afrik/peuples/FLG_BANTU/PPL_MERU.json,/content/origins/unificationsOrDivisions,"pres la migration vers le Mont Kenya, les proto-Meru se fragmenterent en sous-groupes distincts qui s'intermarierent avec les populations precedentes : Tharaka et Cuka integres, expulsion ou assimilation des populations cushitiques (Oromo/Galla/Boran/Mokogodo)","left: « proto- » reconstruction terms, many (see ledger)"
outside-register,sauvage,dataset/source/afrik/peuples/FLG_BANTU/PPL_PARE.json,/content/culture/majorRites,Les soins medicaux traditionnels utilisent des plantes : le jus de mwore (plante) traitait les infections oculaires du nouveau-ne ; la cendre de racine de bananier sauvage etait administree pour les diarrhees.,"kept: a wild plant or animal, or an use reported as pejorative"
outside-register,sauvage,dataset/source/afrik/peuples/FLG_BANTU/PPL_PIMBWE.json,/content/historicalRole/conflictsOrAlliances,onflits avec la faune sauvage autour du Parc national de Katavi.,"kept: a wild plant or animal, or an use reported as pejorative"
jargon,proto-ruvu,dataset/source/afrik/peuples/FLG_BANTU/PPL_RUFIJI.json,/content/origins/ancientOrigins,"Leurs ancetres appartiennent aux proto-Ruvu, populations bantu qui s'etablirent dans la region du centre-est de la Tanzanie entre le VIe et le XIe siecle.","left: « proto- » reconstruction terms, many (see ledger)"
jargon,proto-ruvu,dataset/source/afrik/peuples/FLG_BANTU/PPL_RUFIJI.json,/content/origins/ancientOrigins,"Gonzales, 2008) indiquent que les proto-Ruvu, descendants des proto-Kaskazi du bassin des Grands Lacs, ont peuple la region de la vallee du Rufiji et du Ruvu depuis l'Antiquite tardive.","left: « proto- » reconstruction terms, many (see ledger)"
jargon,proto-kaskazi,dataset/source/afrik/peuples/FLG_BANTU/PPL_RUFIJI.json,/content/origins/ancientOrigins,"Gonzales, 2008) indiquent que les proto-Ruvu, descendants des proto-Kaskazi du bassin des Grands Lacs, ont peuple la region de la vallee du Rufiji et du Ruvu depuis l'Antiquite tardive.","left: « proto- » reconstruction terms, many (see ledger)"
jargon,proto-est,dataset/source/afrik/peuples/FLG_BANTU/PPL_RUFIJI.json,/content/origins/formationPeriod,"'identite rufiji comme groupe distinct s'est probablement consolidee apres la fragmentation des proto-Est-Ruvu (IXe-Xe siecles) qui ont donne naissance aux Rufiji, Ndengereko et groupes apparentes.","left: « proto- » reconstruction terms, many (see ledger)"
jargon,proto-kaskazi,dataset/source/afrik/peuples/FLG_BANTU/PPL_RUFIJI.json,/content/origins/migrationRoutes/0,assin des Grands Lacs (proto-Kaskazi) vers la cote est-africaine,"left: « proto- » reconstruction terms, many (see ledger)"
jargon,proto-ouest,dataset/source/afrik/peuples/FLG_BANTU/PPL_RUFIJI.json,/content/organization/clanOrganization,L'unite *ikungugo (groupement elargi de clans) est attestee chez les proto-Ouest-Ruvu apparentes.,"left: « proto- » reconstruction terms, many (see ledger)"
jargon,proto-ruvu,dataset/source/afrik/peuples/FLG_BANTU/PPL_RUFIJI.json,/content/organization/religiousAuthority,"eremonies rituelles appelees *-tambiko (propitiation et reconciliation), terme partage avec tous les descendants proto-Ruvu.","left: « proto- » reconstruction terms, many (see ledger)"
outside-register,hamitique,dataset/source/afrik/peuples/FLG_BANTU/PPL_RWANDAIS_TUTSI.json,/content/appellations/whyProblematic,"'identité tutsi a été radicalement transformée par la théorie hamitique coloniale, qui présentait les Tutsi comme une race nilotique ou chamitique supérieure aux Hutu.","kept: reported, quoted or attributed, or a term the fiche itself criticises"
jargon,proto-tutsi,dataset/source/afrik/peuples/FLG_BANTU/PPL_RWANDAIS_TUTSI.json,/content/origins/migrationRoutes/0,"rrivée de pasteurs proto-tutsi depuis le nord-est (Éthiopie, Corne de l'Afrique) selon la théorie hamitique (aujourd'hui nuancée par la génétique)","left: « proto- » reconstruction terms, many (see ledger)"
outside-register,hamitique,dataset/source/afrik/peuples/FLG_BANTU/PPL_RWANDAIS_TUTSI.json,/content/origins/migrationRoutes/0,"rrivée de pasteurs proto-tutsi depuis le nord-est (Éthiopie, Corne de l'Afrique) selon la théorie hamitique (aujourd'hui nuancée par la génétique)","kept: reported, quoted or attributed, or a term the fiche itself criticises"
outside-register,hamitique,dataset/source/afrik/peuples/FLG_BANTU/PPL_RWANDAIS_TUTSI.json,/content/origins/externalInfluences,"Colonisation belge (1916-1962) : théorie hamitique, cartes d'identité ethniques obligatoires en 1933, système éducatif réservé aux Tutsi jusqu'en 1959.","kept: reported, quoted or attributed, or a term the fiche itself criticises"
jargon,proto-ruvu,dataset/source/afrik/peuples/FLG_BANTU/PPL_SAGALA.json,/content/origins/ancientOrigins,Les ancetres lointains des locuteurs du proto-Ruvu sont arrives dans le centre-est de la Tanzanie il y a environ 2 000 ans.,"left: « proto- » reconstruction terms, many (see ledger)"
outside-register,féticheurs,dataset/source/afrik/peuples/FLG_BANTU/PPL_SANGO.json,/content/organization/religiousAuthority,"Devins-féticheurs (hommes et femmes, disciples de BENDO) : font des prédictions avec des cauris ou des souris, lien entre morts et vivants.","corrected in batch 8: « objet rituel », « talisman », « officiant »"
jargon,proto-karanga,dataset/source/afrik/peuples/FLG_BANTU/PPL_SHONA.json,/content/origins/ancientOrigins,Les proto-Karanga s'etaient installes sur le site du futur Grand Zimbabwe des l'an 1000 environ.,"left: « proto- » reconstruction terms, many (see ledger)"
outside-register,sauvage,dataset/source/afrik/peuples/FLG_BANTU/PPL_SOTHO.json,/content/ethnicities/1,"atlokoa (clan du chat sauvage) — clan historiquement rival de Moshoeshoe, region de Leribe","kept: a wild plant or animal, or an use reported as pejorative"
outside-register,sauvage,dataset/source/afrik/peuples/FLG_BANTU/PPL_SOTHO.json,/content/organization/clanOrganization,"Les principaux clans sont : Bakoena (crocodile), Batlokoa (chat sauvage), Bataung (lion), Bafokeng (loutre), Baphuthi (buffle).","kept: a wild plant or animal, or an use reported as pejorative"
outside-register,fetiche,dataset/source/afrik/peuples/FLG_BANTU/PPL_TEKE.json,/content/culture/symbols,"Statues nkisi contenant du Bilongo (materiau fetiche): butti (ancetres), mutinu bmamba (fertilite), matomba (protection), iteo (bonheur).",kept: the word glosses a local term the field names (operator ruling 2026-10-03)
jargon,proto-botatwe,dataset/source/afrik/peuples/FLG_BANTU/PPL_TONGA_ILA.json,/content/origins/formationPeriod,"e groupe Botatwe dont font partie les Ila et les Tonga s'est constitue aux alentours de 1000 avant notre ere, avec le Proto-Botatwe septant des langues ancestrales pres de l'actuelle province du Haut-Katanga (RDC) et de la Copperbelt zambienne.","left: « proto- » reconstruction terms, many (see ledger)"
jargon,proto-botatwe,dataset/source/afrik/peuples/FLG_BANTU/PPL_TOTELA.json,/content/origins/formationPeriod,a separation du Proto-Botatwe est estimee aux alentours de 1000 avant notre ere.,"left: « proto- » reconstruction terms, many (see ledger)"
outside-register,hamitique,dataset/source/afrik/peuples/FLG_BANTU/PPL_TUTSI_BURUNDI.json,/content/appellations/originOfExonyms,e terme hamite fut forge par les colonisateurs europeens (theorie hamitique) pour justifier la pretendue superiorite raciale des Tutsi et legitimer leur domination sous supervision belge.,"kept: reported, quoted or attributed, or a term the fiche itself criticises"
jargon,synchronises,dataset/source/afrik/peuples/FLG_BANTU/PPL_TUTSI_BURUNDI.json,/content/culture/majorRites,"anse rituelle des tambours royaux (karyenda ou ingoma) : spectacle de tambours synchronises combine avec danse, poesie heroique (ibivugo) et chants traditionnels, inscrit au patrimoine culturel immateriel de l'UNESCO en 2014.",kept: not a specialist use (dancers in step)
jargon,synchronises,dataset/source/afrik/peuples/FLG_BANTU/PPL_USHI.json,/content/culture/artsAndMusic,Les danseurs sont vetus de tenues colorees et executent des pas synchronises.,kept: not a specialist use (dancers in step)
outside-register,sauvages,dataset/source/afrik/peuples/FLG_BANTU/PPL_YAKA.json,/content/historicalRole/relationsWithNeighbors,Les colonisateurs belges denigrerent les Yaka comme guerriers et sauvages pour les separer des Bas-Congo et de Kwilu.,"kept: a wild plant or animal, or an use reported as pejorative"
outside-register,fetiches,dataset/source/afrik/peuples/FLG_BANTU/PPL_ZINZA.json,/content/organization/religiousAuthority,Utilisation repandue de fetiches et de potions traditionnelles ainsi que de devins.,"corrected in batch 8: « objet rituel », « talisman », « officiant »"
outside-register,fetiches,dataset/source/afrik/peuples/FLG_BANTU/PPL_ZINZA.json,/content/culture/majorRites,"Utilisation de fetiches et de potions traditionnelles, recours aux devins.","corrected in batch 8: « objet rituel », « talisman », « officiant »"
outside-register,fetiches,dataset/source/afrik/peuples/FLG_BANTU/PPL_ZINZA.json,/content/culture/spiritualities,Recours frequent aux fetiches et a la divination traditionnelle.,"corrected in batch 8: « objet rituel », « talisman », « officiant »"
outside-register,fétiche,dataset/source/afrik/peuples/FLG_BENOUECONGO/PPL_AFEMAI.json,/content/culture/symbols,"a tortue magique sifflante (Okhaku'roros) d'Avbiosi, utilisée comme signal d'alerte lors d'attaques ennemies — arbre sacré Akhuere planté sur le site du fétiche toujours debout.","corrected in batch 8: « objet rituel », « talisman », « officiant »"
jargon,proto-locuteurs,dataset/source/afrik/peuples/FLG_BENOUECONGO/PPL_BENOUECONGO_MACRO.json,/content/appellations/originOfExonyms,Elle fait référence au confluent des fleuves Bénoué et Niger (Nigeria central) considéré comme la zone d'origine probable des proto-locuteurs.,"left: « proto- » reconstruction terms, many (see ledger)"
jargon,proto-locuteurs,dataset/source/afrik/peuples/FLG_BENOUECONGO/PPL_BENOUECONGO_MACRO.json,/content/origins/ancientOrigins,es proto-locuteurs bénoué-congo auraient peuplé la région de la confluence des fleuves Niger et Bénoué (Nigeria central) il y a plusieurs millénaires.,"left: « proto- » reconstruction terms, many (see ledger)"
jargon,proto-bénoué,dataset/source/afrik/peuples/FLG_BENOUECONGO/PPL_BENOUECONGO_MACRO.json,/content/origins/formationPeriod,roto-bénoué-congo : formation probable entre 4 000 et 2 000 ans avant notre ère.,"left: « proto- » reconstruction terms, many (see ledger)"
jargon,proto-ijaw,dataset/source/afrik/peuples/FLG_BENOUECONGO/PPL_BILLE.json,/content/origins/ancientOrigins,"es Bille sont des descendants des proto-Ijaw (proto-Ijo) de l'ancien delta central, issus des ancêtres Agadagba-Bou et Isomabou.","left: « proto- » reconstruction terms, many (see ledger)"
jargon,proto-ijo,dataset/source/afrik/peuples/FLG_BENOUECONGO/PPL_BILLE.json,/content/origins/ancientOrigins,"es Bille sont des descendants des proto-Ijaw (proto-Ijo) de l'ancien delta central, issus des ancêtres Agadagba-Bou et Isomabou.","left: « proto- » reconstruction terms, many (see ledger)"
jargon,proto-ijaw,dataset/source/afrik/peuples/FLG_BENOUECONGO/PPL_BILLE.json,/content/culture/spiritualities,Culte d'Adumu (intelligence suprême dans la cosmologie proto-ijaw).,"left: « proto- » reconstruction terms, many (see ledger)"
outside-register,primitif,dataset/source/afrik/peuples/FLG_BENOUECONGO/PPL_ESAN.json,/content/origins/formationPeriod,"Deuxieme vague (Xe siecle) : retour de groupes esan depuis Igodomigodo (Benin primitif), dont les trois fils d'Ojiso Owodo (dernier souverain de la dynastie Ogiso), conduits par leur mere la reine Oakha, s'etablissant a Uromi, Uzea et Ekperi.",corrected in batch 7
outside-register,primitif,dataset/source/afrik/peuples/FLG_BENOUECONGO/PPL_ESAN.json,/content/origins/migrationRoutes/1,"godomigodo (Benin primitif) vers Uromi, Uzea, Ekperi (Xe siecle)",corrected in batch 7
outside-register,paienne,dataset/source/afrik/peuples/FLG_BENOUECONGO/PPL_NEMBE.json,/content/organization/religiousAuthority,Bassambiri etait consideree comme paienne (heathen) dans les sources coloniales jusqu'a l'evangelisation tardive.,"kept: reported, quoted or attributed, or a term the fiche itself criticises"
outside-register,barbare,dataset/source/afrik/peuples/FLG_BERBERE/PPL_AMAZIGH_MACRO.json,/content/appellations/whyProblematic,e terme Berber est considere pejoratif par une partie de la communaute car associe historiquement au mot barbare.,"kept: reported, quoted or attributed, or a term the fiche itself criticises"
jargon,proto-berberes,dataset/source/afrik/peuples/FLG_BERBERE/PPL_AMAZIGH_MACRO.json,/content/origins/ancientOrigins,Les populations proto-berberes ont evolue a partir des cultures iberomaurusienne et capsienne.,"left: « proto- » reconstruction terms, many (see ledger)"
outside-register,paien,dataset/source/afrik/peuples/FLG_COUCHITIQUE/PPL_AGAW.json,/content/organization/clanOrganization,Les Qimant etaient organises en clans patrilineaires avec un systeme religieux syncrethique (hebraique-chretien-paien).,corrected in batch 7
outside-register,paiens,dataset/source/afrik/peuples/FLG_COUCHITIQUE/PPL_AGAW.json,/content/organization/religiousAuthority,"Les Qimant pratiquaient (et certains pratiquent encore) un syncrethisme unique melant elements chretiens, paiens et hebraiques, avec des pretres-chefs (wambar) comme autorites religieuses locales.",corrected in batch 7
outside-register,paiens,dataset/source/afrik/peuples/FLG_COUCHITIQUE/PPL_AGAW.json,/content/culture/spiritualities,"Les Qimant pratiquaient un syncrethisme combine d'elements chretiens, paiens et hebraiques, avec veneration de sites sacres naturels.",corrected in batch 7
outside-register,pillards,dataset/source/afrik/peuples/FLG_COUCHITIQUE/PPL_BILEN.json,/content/historicalRole/relationsWithNeighbors,"Conflicts traditionnels avec des groupes de pillards du Barka (anciens sujets egyptiens), pour lesquels l'Egypte payait des reparations distribuees aux Bilen.","kept: reported, quoted or attributed, or a term the fiche itself criticises"
jargon,synchronises,dataset/source/afrik/peuples/FLG_COUCHITIQUE/PPL_DASANECH.json,/content/culture/artsAndMusic,"Lors de la ceremonie dimi, les hommes forment une procession de maison en maison en executant une danse rythmee de sauts synchronises.",kept: not a specialist use (dancers in step)
jargon,proto-rendille,dataset/source/afrik/peuples/FLG_COUCHITIQUE/PPL_GABRA.json,/content/origins/ancientOrigins,La theorie anthropologique dominante (Robinson 1985 ; Tablino 1999) suggere qu'ils etaient initialement un groupe proto-Rendille-Somali qui a progressivement assimile la langue et la structure politique oromo-borana tout en preservant un cadre culturel antérie,"left: « proto- » reconstruction terms, many (see ledger)"
jargon,proto-somali,dataset/source/afrik/peuples/FLG_COUCHITIQUE/PPL_GABRA.json,/content/languages/vehicularRole,La langue borana a progressivement remplace leur langue proto-somali-rendille originelle.,"left: « proto- » reconstruction terms, many (see ledger)"
outside-register,belliqueuses,dataset/source/afrik/peuples/FLG_COUCHITIQUE/PPL_KAMBATA.json,/content/historicalRole/relationsWithNeighbors,"Les Kambata ont eu des conflits et cooperations avec les Hadiya sur des questions de terres et de ressources, mais les relations sont generalement decrites comme plus cordiales que belliqueuses.","kept: reported, quoted or attributed, or a term the fiche itself criticises"
jargon,proto-omotiques,dataset/source/afrik/peuples/FLG_COUCHITIQUE/PPL_KARO.json,/content/origins/ancientOrigins,es Karo sont un peuple omovallien de tradition agro-pastorale dont les origines remontent aux migrations proto-omotiques dans la vallee inferieure de l'Omo.,"left: « proto- » reconstruction terms, many (see ledger)"
outside-register,sauvage,dataset/source/afrik/peuples/FLG_COUCHITIQUE/PPL_KONSO.json,/content/culture/symbols,es statues funeraires waga (ou waka) constituent le symbole culturel le plus distinctif des Konso : elles sont sculptees en bois et erigees en memoire d'un homme qui a tue un ennemi ou un animal sauvage dangereux.,"kept: a wild plant or animal, or an use reported as pejorative"
jargon,proto-omotique,dataset/source/afrik/peuples/FLG_COUCHITIQUE/PPL_MAO.json,/content/origins/ancientOrigins,"Bender (2000, 2003) les positionnait comme une branche primaire et precoce de l'Omotic, suggerant une separation tres ancienne du proto-omotique.","left: « proto- » reconstruction terms, many (see ledger)"
outside-register,sauvage,dataset/source/afrik/peuples/FLG_COUCHITIQUE/PPL_MOCHA.json,/content/culture/majorRites,"La culture shekkacho est notamment associee a la culture du cafe sauvage dans les forets de la zone de Sheka, qui est une zone de biodiversite exceptionnelle reconnue par l'UNESCO.","kept: a wild plant or animal, or an use reported as pejorative"
outside-register,sauvage,dataset/source/afrik/peuples/FLG_COUCHITIQUE/PPL_MOCHA.json,/content/culture/symbols,a foret de cafe sauvage de Sheka est un symbole identitaire fort.,"kept: a wild plant or animal, or an use reported as pejorative"
jargon,proto-omotiques,dataset/source/afrik/peuples/FLG_COUCHITIQUE/PPL_OYDA.json,/content/origins/ancientOrigins,Leur histoire ancienne est liee aux populations proto-omotiques qui occupent cette region depuis plusieurs millenaires.,"left: « proto- » reconstruction terms, many (see ledger)"
outside-register,paien,dataset/source/afrik/peuples/FLG_COUCHITIQUE/PPL_QEMANT.json,/content/origins/externalInfluences,Le missionnaire Samuel Gobat (XIXe siecle) les decrivait comme un petit peuple paien dans les montagnes pres de Gondar.,"kept: reported, quoted or attributed, or a term the fiche itself criticises"
jargon,proto-sam,dataset/source/afrik/peuples/FLG_COUCHITIQUE/PPL_SOMALI.json,/content/origins/ancientOrigins,"es ancêtres des Somali, connus sous le nom de proto-Sam, émergèrent parmi les peuples couchitiques orientaux dans les hauts plateaux du sud de l'Ethiopie, dans la région des lacs, vers le premier millénaire avant notre ère.","left: « proto- » reconstruction terms, many (see ledger)"
jargon,proto-sam,dataset/source/afrik/peuples/FLG_COUCHITIQUE/PPL_SOMALI.json,/content/origins/ancientOrigins,"Le groupe proto-Sam s'est répandu vers les plaines du nord du Kenya, puis le long du fleuve Tana jusqu'à la côte de l'océan Indien.","left: « proto- » reconstruction terms, many (see ledger)"
jargon,proto-sam,dataset/source/afrik/peuples/FLG_COUCHITIQUE/PPL_SOMALI.json,/content/origins/migrationRoutes/0,"auts plateaux du sud de l'Ethiopie vers les plaines du Kenya (proto-Sam, vers 1000 av.","left: « proto- » reconstruction terms, many (see ledger)"
jargon,proto-surmic,dataset/source/afrik/peuples/FLG_COUCHITIQUE/PPL_SURI.json,/content/origins/ancientOrigins,"Les Suri font partie de la grande famille linguistique Surmic, dont l'origine geographique proto-surmic se situe dans le sud-ouest ethiopien, pres de Maji.","left: « proto- » reconstruction terms, many (see ledger)"
outside-register,sauvages,dataset/source/afrik/peuples/FLG_COUCHITIQUE/PPL_YEM.json,/content/culture/symbols,"e bouclier, les peaux d'animaux sauvages, les crannes, les lances, les epees et les cornes d'animaux sont des objets sacres utilises dans les rituels traditionnels.","kept: a wild plant or animal, or an use reported as pejorative"
outside-register,sauvage,dataset/source/afrik/peuples/FLG_CREOLE/PPL_JAMAICAN_MAROON.json,/content/appellations/originOfExonyms,"e mot anglais Maroon dérive de l'espagnol cimarrón (« sauvage », « indompté »), lui-même emprunté à une racine taïno signifiant « fugitif, échappé » ; le terme désignait à l'origine le bétail retourné à l'état sauvage à Hispaniola, puis les esclaves en fuite d","kept: a wild plant or animal, or an use reported as pejorative"
outside-register,sauvage,dataset/source/afrik/peuples/FLG_CREOLE/PPL_JAMAICAN_MAROON.json,/content/appellations/originOfExonyms,"e mot anglais Maroon dérive de l'espagnol cimarrón (« sauvage », « indompté »), lui-même emprunté à une racine taïno signifiant « fugitif, échappé » ; le terme désignait à l'origine le bétail retourné à l'état sauvage à Hispaniola, puis les esclaves en fuite d","kept: a wild plant or animal, or an use reported as pejorative"
outside-register,negres,dataset/source/afrik/peuples/FLG_CREOLE/PPL_SAAMAKA.json,/content/appellations/originOfExonyms,Saramaka » est la graphie coloniale neerlandaise puis academique historique du nom du peuple ; « Bush Negroes » (« Negres des bois ») est un exonyme collectif neerlandais et anglais applique a l'ensemble des six peuples marrons du Suriname.,"kept: reported, quoted or attributed, or a term the fiche itself criticises"
outside-register,intrusifs,dataset/source/afrik/peuples/FLG_GUR/PPL_BUSSA.json,/content/origins/ancientOrigins,"Leur installation le long du Volta Blanche, au-dessous de Tenkodogo, est placee aux alentours de 1300, et Daniel McFarland (Dictionnaire historique de la Haute-Volta) les qualifie de Mande « intrusifs » ; ce mot est celui de cette source, qui les presente comm",gone: the fiche was merged into PPL_BISSA
outside-register,sauvage,dataset/source/afrik/peuples/FLG_GUR/PPL_BWABA.json,/content/culture/symbols,La feuille : symbole du Dwo et de la nature sauvage ; les Bwa du nord portent des masques en feuilles lors des ceremonies majeures.,"kept: a wild plant or animal, or an use reported as pejorative"
outside-register,sauvages,dataset/source/afrik/peuples/FLG_GUR/PPL_BWABA.json,/content/culture/artsAndMusic,"Masques en feuilles : tradition des Bwa du nord, representant les esprits sauvages (Dwo) ; faits de lianes, herbes et feuilles.","kept: a wild plant or animal, or an use reported as pejorative"
outside-register,sauvage,dataset/source/afrik/peuples/FLG_GUR/PPL_BWABA.json,/content/culture/artsAndMusic,"Bronzes et cuivres : les forgerons bwa fabriquent des figurines et ustensiles en bronze (animaux symboliques : hyene = betise, buffle sauvage = force, double cameleon, calao).","kept: a wild plant or animal, or an use reported as pejorative"
outside-register,sauvage,dataset/source/afrik/peuples/FLG_GUR/PPL_BWABA.json,/content/culture/spiritualities,"Dwo est androgyne (male et femelle), represente le monde sauvage et sa force nourriciere, invoque pour la protection de la communaute, la fertilite et le passage des ames.","kept: a wild plant or animal, or an use reported as pejorative"
outside-register,sauvage,dataset/source/afrik/peuples/FLG_GUR/PPL_BWABA.json,/content/culture/spiritualities,"Culte de Soxo (dieu de la nature sauvage), fils de Wuro.","kept: a wild plant or animal, or an use reported as pejorative"
jargon,proto-gur,dataset/source/afrik/peuples/FLG_GUR/PPL_GUR_MACRO.json,/content/appellations/originOfExonyms,Le terme Mabia (du proto-gur ma- mère + bia enfant) est une appellation alternative proposée par le linguiste Adams Bodomo (2017) pour désigner l'ensemble Central Gur.,"left: « proto- » reconstruction terms, many (see ledger)"
jargon,proto-locuteurs,dataset/source/afrik/peuples/FLG_GUR/PPL_GUR_MACRO.json,/content/origins/ancientOrigins,"es proto-locuteurs des langues Gur sont supposés avoir cultivé le sorgho (guinea corn) et le mil dans un environnement de savane boisée, selon les travaux de Kleinewillinghöfer (2014) qui identifie les proches parents du Gur dans certaines branches de la famil","left: « proto- » reconstruction terms, many (see ledger)"
jargon,proto-koulango,dataset/source/afrik/peuples/FLG_GUR/PPL_KOULANGO.json,/content/appellations/originOfExonyms,"Le nom Lorhon (ou Ngwela, Babé) désigne les populations proto-Koulango antérieures au royaume de Bounkani.","left: « proto- » reconstruction terms, many (see ledger)"
outside-register,sauvages,dataset/source/afrik/peuples/FLG_GUR/PPL_KOULANGO.json,/content/culture/symbols,"Les animaux sauvages et les phénomènes naturels (tonnerre, éclair, eau) sont considérés comme habités par des esprits.","kept: a wild plant or animal, or an use reported as pejorative"
outside-register,sauvages,dataset/source/afrik/peuples/FLG_GUR/PPL_KOULANGO.json,/content/culture/spiritualities,"Croyance aux esprits des ancêtres et aux esprits habitant les animaux sauvages et les éléments naturels (tonnerre, éclair, eau).","kept: a wild plant or animal, or an use reported as pejorative"
outside-register,sauvages,dataset/source/afrik/peuples/FLG_GUR/PPL_KOULOUGO.json,/content/culture/spiritualities,"Ils croient que les esprits habitent certains animaux sauvages et des phenomenes naturels (tonnerre, eclairs, eau).","kept: a wild plant or animal, or an use reported as pejorative"
outside-register,fetiches,dataset/source/afrik/peuples/FLG_GUR/PPL_LOBI.json,/content/organization/ageClassSystems,"Les Lobi qui convertissent au christianisme ou a l'islam brulernt ou vendent leurs fetiches, rompant symboliquement avec le systeme initiatique.","corrected in batch 8: « objet rituel », « talisman », « officiant »"
outside-register,fetiches,dataset/source/afrik/peuples/FLG_GUR/PPL_LOBI.json,/content/culture/spiritualities,Les Lobi convertis brulent ou vendent leurs fetiches rituels en signe de rupture avec la religion traditionnelle.,"corrected in batch 8: « objet rituel », « talisman », « officiant »"
outside-register,sauvages,dataset/source/afrik/peuples/FLG_KHOE/PPL_DAMARA.json,/content/culture/spiritualities,"ieu supreme ǁGamab (ǁGammāb, le donneur d'eau): vit dans le ciel superieur au-dessus des etoiles; associe aux nuages, au tonnerre, a la foudre, a l'eau, au renouveau saisonnier, aux animaux sauvages et a la croissance des recoltes; considere egalement comme le","kept: a wild plant or animal, or an use reported as pejorative"
jargon,proto-khoe,dataset/source/afrik/peuples/FLG_KHOE/PPL_GONA.json,/content/origins/formationPeriod,"es ancetres proto-Khoe seraient arrives dans le Kalahari il y a environ 2000 ans depuis le nord-est (direction de la Tanzanie moderne), porteurs d'une proto-langue Khoe-Kwadi acquise au contact des Bantous en expansion.","left: « proto- » reconstruction terms, many (see ledger)"
jargon,proto-langue,dataset/source/afrik/peuples/FLG_KHOE/PPL_GONA.json,/content/origins/formationPeriod,"es ancetres proto-Khoe seraient arrives dans le Kalahari il y a environ 2000 ans depuis le nord-est (direction de la Tanzanie moderne), porteurs d'une proto-langue Khoe-Kwadi acquise au contact des Bantous en expansion.","left: « proto- » reconstruction terms, many (see ledger)"
jargon,proto-khoe,dataset/source/afrik/peuples/FLG_KHOE/PPL_KHOE_MACRO.json,/content/origins/formationPeriod,"Le proto-Khoe-Kwadi se serait forme en Afrique de l'Est, dans la region ou vivait le peuple Sandawe de Tanzanie, avant la migration vers le sud.","left: « proto- » reconstruction terms, many (see ledger)"
jargon,proto-khoe,dataset/source/afrik/peuples/FLG_KHOE/PPL_KHOE_MACRO.json,/content/origins/migrationRoutes/0,igration depuis l'Afrique de l'Est vers le Botswana septentrional il y a ~2 000 ans (proto-Khoe-Kwadi),"left: « proto- » reconstruction terms, many (see ledger)"
jargon,proto-khoe,dataset/source/afrik/peuples/FLG_KHOE/PPL_KWADI.json,/content/origins/ancientOrigins,"Les ancetres des Kwadi ont diverge du proto-Khoe-Kwadi avant la migration vers le Botswana, continuant vers le sud-ouest angolais plutot que vers le Kalahari, selon les modeles de migration proposes par Tom Guldemann et d'autres linguistes.","left: « proto- » reconstruction terms, many (see ledger)"
jargon,proto-khoe,dataset/source/afrik/peuples/FLG_KHOE/PPL_KWADI.json,/content/origins/migrationRoutes/0,"igration ancestrale depuis le proto-Khoe-Kwadi (Afrique de l'Est ?) vers l'Angola sud-occidental, divergeant avant la branche Kalahari Khoe","left: « proto- » reconstruction terms, many (see ledger)"
jargon,proto-khoe,dataset/source/afrik/peuples/FLG_KHOE/PPL_KWADI.json,/content/languages/vehicularRole,"Linguistiquement, le Kwadi presente un profil unique : il conservait des elements proto-Khoe perdus dans les langues Khoekhoe occidentales sous l'influence Kxʼa (Kalahari), et d'autres elements perdus dans les langues Kalahari Khoe orientales.","left: « proto- » reconstruction terms, many (see ledger)"
jargon,proto-khoe,dataset/source/afrik/peuples/FLG_KHOE/PPL_KWADI.json,/content/languages/vehicularRole,Cette position archaique en fait un element crucial pour la reconstruction du proto-Khoe-Kwadi.,"left: « proto- » reconstruction terms, many (see ledger)"
jargon,proto-khoe,dataset/source/afrik/peuples/FLG_KHOE/PPL_KWADI.json,/content/culture/spiritualities,"La langue Kwadi contient des termes pronominaux partages avec le proto-Khoe, suggerant une cosmologie commune aux peuples Khoe.","left: « proto- » reconstruction terms, many (see ledger)"
jargon,proto-khoe,dataset/source/afrik/peuples/FLG_KHOE/PPL_NAMA.json,/content/origins/ancientOrigins,Le proto-Khoe aurait emerge entre 400 av.,"left: « proto- » reconstruction terms, many (see ledger)"
outside-register,sauvage,dataset/source/afrik/peuples/FLG_KHOE/PPL_TSHUWA.json,/content/historicalRole/relationsWithNeighbors,"Des echanges existaient : gibier, miel sauvage et plantes medicinales contre du betail, du metal et des produits cultures.","kept: a wild plant or animal, or an use reported as pejorative"
outside-register,sauvages,dataset/source/afrik/peuples/FLG_KHOISAN/PPL_HADZA.json,/content/origins/unificationsOrDivisions,Les bandes (camps) de 20 a 30 individus sont l'unite de base ; elles peuvent atteindre 100 personnes en saison des fruits sauvages.,"kept: a wild plant or animal, or an use reported as pejorative"
jargon,proto-bassa,dataset/source/afrik/peuples/FLG_KROU/PPL_BASSA.json,/content/origins/ancientOrigins,Les proto-Bassa auraient commence leur migration vers l'ouest vers le VIe siecle av.,"left: « proto- » reconstruction terms, many (see ledger)"
outside-register,sauvages,dataset/source/afrik/peuples/FLG_KROU/PPL_BETE.json,/content/culture/symbols,"e masque gre ou nyabwa est le symbole identitaire et spirituel majeur des Bété : visage grimaçant aux traits distordus, proéminences faciales, front bombé, yeux tubulaires ou globulaires, dents d'animaux sauvages, cornes.","kept: a wild plant or animal, or an use reported as pejorative"
outside-register,féticheurs,dataset/source/afrik/peuples/FLG_KROU/PPL_DIDA.json,/content/organization/religiousAuthority,utorité spirituelle exercée par des spécialistes rituels et des féticheurs assurant le lien entre le monde des vivants et celui des ancêtres.,"corrected in batch 8: « objet rituel », « talisman », « officiant »"
outside-register,fétiches,dataset/source/afrik/peuples/FLG_KROU/PPL_DIDA.json,/content/culture/spiritualities,Les fétiches servent de lien entre le monde des esprits et le monde des vivants.,"corrected in batch 8: « objet rituel », « talisman », « officiant »"
outside-register,fétiche,dataset/source/afrik/peuples/FLG_KROU/PPL_GBODJIBO.json,/content/culture/symbols,"Les objets rituels (masques, statuettes, objets fétiche) utilisés lors des cérémonies d'initiation constituent le patrimoine matériel sacré.","corrected in batch 8: « objet rituel », « talisman », « officiant »"
outside-register,fétiche,dataset/source/afrik/peuples/FLG_KROU/PPL_GBODJIBO.json,/content/culture/spiritualities,Le fétiche sert de lien entre le monde des esprits et celui des vivants.,"corrected in batch 8: « objet rituel », « talisman », « officiant »"
outside-register,belliqueux,dataset/source/afrik/peuples/FLG_KROU/PPL_GODIE.json,/content/appellations/exonyms/2,"wèdji (dénomination ancienne signifiant Chimpanzé-panthère, attribuée par les Neyo voisins pour décrire leur caractère belliqueux)","kept: reported, quoted or attributed, or a term the fiche itself criticises"
outside-register,paiens,dataset/source/afrik/peuples/FLG_KROU/PPL_KODIA_KROU.json,/content/culture/spiritualities,"Les Kodia, comme les autres Krou, etaient a l'origine paiens et ont progressivement adopte le christianisme sous l'influence des missions coloniales.",corrected in batch 7
outside-register,belliqueux,dataset/source/afrik/peuples/FLG_KROU/PPL_WONNIN.json,/content/appellations/originOfExonyms,"Ce surnom leur aurait été attribué par les Néyo, peuple voisin, pour décrire le caractère belliqueux des Godié.","kept: reported, quoted or attributed, or a term the fiche itself criticises"
outside-register,belliqueux,dataset/source/afrik/peuples/FLG_KROU/PPL_WONNIN.json,/content/historicalRole/conflictsOrAlliances,e caractère belliqueux (gwèdji) attribué par les Néyo suggère une tradition guerrière dans les relations inter-ethniques.,"kept: reported, quoted or attributed, or a term the fiche itself criticises"
outside-register,fetiches,dataset/source/afrik/peuples/FLG_KWA/PPL_ABOURE.json,/content/culture/spiritualities,Persistance de pratiques animistes (fetiches) meme parmi les chretiens.,"corrected in batch 8: « objet rituel », « talisman », « officiant »"
outside-register,feticheurs,dataset/source/afrik/peuples/FLG_KWA/PPL_ABRON.json,/content/organization/religiousAuthority,Les pretres-feticheurs assurent la legitimite spirituelle du pouvoir.,"corrected in batch 8: « objet rituel », « talisman », « officiant »"
outside-register,feticheurs,dataset/source/afrik/peuples/FLG_KWA/PPL_AGNI.json,/content/organization/religiousAuthority,"es Komian (feticheurs) detiennent le savoir occulte : ils enseignent aux rois, donnent des predictions et entrent en transes magico-religieuses.",kept: the word glosses a local term the field names (operator ruling 2026-10-03)
outside-register,feticheurs,dataset/source/afrik/peuples/FLG_KWA/PPL_ANYI.json,/content/organization/religiousAuthority,"es Komian (feticheurs, specialistes du savoir occulte) jouent un role central : conseillers des rois, devins, mediateurs entre le monde des vivants et des esprits.",kept: the word glosses a local term the field names (operator ruling 2026-10-03)
outside-register,feticheur,dataset/source/afrik/peuples/FLG_KWA/PPL_ANYI.json,/content/culture/spiritualities,"eligion traditionnelle akan : veneration des ancetres, cosmologie rituelle, Komian (feticheur) comme intermediaire entre vivants et esprits.",kept: the word glosses a local term the field names (operator ruling 2026-10-03)
jargon,proto-dangme,dataset/source/afrik/peuples/FLG_KWA/PPL_DANGME.json,/content/origins/ancientOrigins,"Selon la tradition, les proto-Dangme se dénommaient La li (gens de La).","left: « proto- » reconstruction terms, many (see ledger)"
jargon,proto-dangme,dataset/source/afrik/peuples/FLG_KWA/PPL_DANGME.json,/content/origins/formationPeriod,"IVe siècle : les proto-Dangme, migrant en un seul groupe, arrivent dans les plaines d'Accra (Ghana actuel).","left: « proto- » reconstruction terms, many (see ledger)"
jargon,diachronie,dataset/source/afrik/peuples/FLG_KWA/PPL_EHOTILE.json,/content/origins/ancientOrigins,Les Bétibé se sont constitués en diachronie par fusion de communautés aux origines diverses.,reworded in batch 7: « au fil du temps »
outside-register,feticheur,dataset/source/afrik/peuples/FLG_KWA/PPL_FANTE.json,/content/organization/religiousAuthority,e grand pretre feticheur (Komfo) de Mankessim consulte l'oracle a la lance sacree Akyin-Enyim pour les grandes decisions.,kept: the word glosses a local term the field names (operator ruling 2026-10-03)
outside-register,feticheurs,dataset/source/afrik/peuples/FLG_KWA/PPL_FANTE.json,/content/culture/spiritualities,Role important des devins (okomfo) et des pretres feticheurs (komfo).,kept: the word glosses a local term the field names (operator ruling 2026-10-03)
jargon,atr,dataset/source/afrik/peuples/FLG_KWA/PPL_NKONYA.json,/content/culture/artsAndMusic,La phonologie tonale (systeme a 9 voyelles avec harmonie vocalique ATR) confere a la langue une richesse expressive documentee.,"explained in batch 7, at its first occurrence in the field"
outside-register,sauvage,dataset/source/afrik/peuples/FLG_KXA/PPL_BUGAKWE.json,/content/historicalRole/conflictsOrAlliances,Lutte pour le droit a la terre et a la chasse dans le cadre des politiques de conservation de la faune sauvage.,"kept: a wild plant or animal, or an use reported as pejorative"
jargon,proto-kx,dataset/source/afrik/peuples/FLG_KXA/PPL_KXA_MACRO.json,/content/appellations/originOfExonyms,"e terme Kx'a fut cree en 2010 par Heine et Honken pour remplacer le compose Ju-ǂHoan (facilement confondu avec la langue Ju|'hoan) en choisissant le mot proto-Kx'a reconstruit signifiant terre, sol.","left: « proto- » reconstruction terms, many (see ledger)"
outside-register,sauvages,dataset/source/afrik/peuples/FLG_KXA/PPL_TSAO_KXA.json,/content/culture/majorRites,Rites de premiers-fruits : offrandes symboliques lors de la premiere recolte de plantes sauvages.,"kept: a wild plant or animal, or an use reported as pejorative"
jargon,proto-empire,dataset/source/afrik/peuples/FLG_MANDE/PPL_BAMBARA.json,/content/origins/formationPeriod,"Le premier chef bamana de Segou, Kaladian Coulibaly, etablit un proto-empire vers 1650.","left: « proto- » reconstruction terms, many (see ledger)"
outside-register,intrusifs,dataset/source/afrik/peuples/FLG_MANDE/PPL_BISSA.json,/content/origins/ancientOrigins,"Daniel McFarland (Dictionnaire historique de la Haute-Volta) les decrit comme des Mande migres et installes le long de la Volta Blanche, en dessous de Tenkodogo, vers 1300, et les qualifie d'« intrusifs » dans la region ; ce mot est celui de cette source.","kept: reported, quoted or attributed, or a term the fiche itself criticises"
outside-register,fetiches,dataset/source/afrik/peuples/FLG_MANDE/PPL_GBELE.json,/content/culture/symbols,Autels ancestraux (fetiches et objets charges) dans les foyers et espaces communautaires.,"corrected in batch 8: « objet rituel », « talisman », « officiant »"
outside-register,fétiches,dataset/source/afrik/peuples/FLG_MANDE/PPL_KPANA.json,/content/culture/spiritualities,Existence de fétiches protecteurs et de médecines traditionnelles (gris-gris).,"corrected in batch 8: « objet rituel », « talisman », « officiant »"
outside-register,fétiches,dataset/source/afrik/peuples/FLG_MANDE/PPL_MALINKE.json,/content/culture/symbols,Fétiches et gris-gris islamiques (talismans coraniques portés par les marabouts).,"corrected in batch 8: « objet rituel », « talisman », « officiant »"
outside-register,fétiches,dataset/source/afrik/peuples/FLG_MANDE/PPL_MALINKE.json,/content/culture/spiritualities,"Syncrétisme profond : les pratiques islamiques coexistent avec des croyances animistes préislamiques persistantes (culte des esprits de la terre, sacrifices propitiatoires, fétiches protecteurs, médecine traditionnelle/maraboutisme).","corrected in batch 8: « objet rituel », « talisman », « officiant »"
jargon,proto-mandé,dataset/source/afrik/peuples/FLG_MANDE/PPL_MANDE_MACRO.json,/content/origins/ancientOrigins,Les Proto-Mandé ont établi la culture de Tichitt en Mauritanie (2200-200 av.,"left: « proto- » reconstruction terms, many (see ledger)"
jargon,proto-mandé,dataset/source/afrik/peuples/FLG_MANDE/PPL_MANDE_MACRO.json,/content/origins/formationPeriod,a famille linguistique mandé s'est différenciée progressivement à partir d'un proto-mandé commun.,"left: « proto- » reconstruction terms, many (see ledger)"
outside-register,fétiches,dataset/source/afrik/peuples/FLG_MANDE/PPL_MANDE_MACRO.json,/content/culture/spiritualities,"Les marabouts islamiques utilisent les versets du Coran comme fétiches protecteurs, créant un syncrétisme islamo-animiste caractéristique.","corrected in batch 8: « objet rituel », « talisman », « officiant »"
jargon,proto-état,dataset/source/afrik/peuples/FLG_MANDE/PPL_MANDE_MACRO.json,/content/historicalRole/kingdomsOrChiefdoms,J.-C.) : proto-état mandé.,"left: « proto- » reconstruction terms, many (see ledger)"
outside-register,sauvage,dataset/source/afrik/peuples/FLG_MANDE/PPL_MENDE.json,/content/culture/symbols,"La chevelure: epaisse et longue synonyme de feminite, force et fecondite; sale ou sauvage synonyme de folie ou d'immoralite.","kept: a wild plant or animal, or an use reported as pejorative"
outside-register,sauvages,dataset/source/afrik/peuples/FLG_NIGERCONGO/PPL_BAFUTA.json,/content/historicalRole/conflictsOrAlliances,"Crises internes liees aux prerogatives royales sur les animaux sauvages (leopard, python, buffle, elephant) au cours des annees 1940-1950.","kept: a wild plant or animal, or an use reported as pejorative"
jargon,proto-bantous,dataset/source/afrik/peuples/FLG_NIGERCONGO/PPL_BANTU.json,/content/origins/ancientOrigins,es ancetres proto-bantous provenaient d Afrique du Nord-Est (region du Sahara Vert) et migrérent vers l Afrique de l Ouest-Centre suite a la desertification du Sahara vers 3500 av.,"left: « proto- » reconstruction terms, many (see ledger)"
jargon,proto-bantoue,dataset/source/afrik/peuples/FLG_NIGERCONGO/PPL_BANTU.json,/content/origins/ancientOrigins,La patrie proto-bantoue est localisee dans la zone correspondant a la frontiere Cameroun-Nigeria actuelle.,"left: « proto- » reconstruction terms, many (see ledger)"
jargon,proto-bantou,dataset/source/afrik/peuples/FLG_NIGERCONGO/PPL_BANTU.json,/content/origins/ancientOrigins,"Le proto-bantou, langue reconstituee, etait parle il y a environ 3000 a 4000 ans.","left: « proto- » reconstruction terms, many (see ledger)"
jargon,proto-bantous,dataset/source/afrik/peuples/FLG_NIGERCONGO/PPL_BANTU.json,/content/origins/ancientOrigins,"Les Proto-Bantous etaient des agriculteurs qui maitrisaient la culture du sorgho, du millet, des ignames et du palmier ; la ceramique et la pêche.","left: « proto- » reconstruction terms, many (see ledger)"
jargon,glottochronologie,dataset/source/afrik/peuples/FLG_NIGERCONGO/PPL_BETI_FANG.json,/content/origins/ancientOrigins,es etudes de glottochronologie situent les proto-locuteurs du fang dans la foret du sud Cameroun il y a plus de 4 000 ans.,"explained in batch 7, at its first occurrence in the field"
jargon,proto-locuteurs,dataset/source/afrik/peuples/FLG_NIGERCONGO/PPL_BETI_FANG.json,/content/origins/ancientOrigins,es etudes de glottochronologie situent les proto-locuteurs du fang dans la foret du sud Cameroun il y a plus de 4 000 ans.,"left: « proto- » reconstruction terms, many (see ledger)"
outside-register,intrusifs,dataset/source/afrik/peuples/FLG_NIGERCONGO/PPL_BUSANSI.json,/content/origins/ancientOrigins,; Daniel McFarland (Dictionnaire historique de la Haute-Volta) les qualifie de Mande « intrusifs ».,gone: the fiche was merged into PPL_BISSA
jargon,glottochronologiques,dataset/source/afrik/peuples/FLG_NIGERCONGO/PPL_FANG_GABON.json,/content/origins/ancientOrigins,Les etudes glottochronologiques situent leurs ancetres proto-fang dans les forets meridionales du Cameroun il y a plus de 4000 ans.,left: the term is qualified in that field or the gloss would not fit (see ledger)
jargon,proto-fang,dataset/source/afrik/peuples/FLG_NIGERCONGO/PPL_FANG_GABON.json,/content/origins/ancientOrigins,Les etudes glottochronologiques situent leurs ancetres proto-fang dans les forets meridionales du Cameroun il y a plus de 4000 ans.,"left: « proto- » reconstruction terms, many (see ledger)"
jargon,proto-berberes,dataset/source/afrik/peuples/FLG_NIGERCONGO/PPL_FULA_NOMADES.json,/content/origins/ancientOrigins,Leurs origines sont debattues : certains historiens les relient a des populations proto-berberes ou cushitiques venues d'Afrique du Nord-Est et melees a des populations ouest-africaines dans la vallee du Senegal.,"left: « proto- » reconstruction terms, many (see ledger)"
outside-register,sauvages,dataset/source/afrik/peuples/FLG_NIGERCONGO/PPL_FULA_NOMADES.json,/content/culture/spiritualities,Croyance en des forces surnaturelles liees aux animaux sauvages et aux espaces naturels.,"kept: a wild plant or animal, or an use reported as pejorative"
outside-register,paienne,dataset/source/afrik/peuples/FLG_NIGERCONGO/PPL_HALPULAAR.json,/content/origins/majorHistoricalEvents,Fondation de l'almamiya (theocratic) de Futa Toro par les Torobe en 1776 (renversement de la dynastie paienne Deniyanke).,corrected in batch 7
outside-register,paienne,dataset/source/afrik/peuples/FLG_NIGERCONGO/PPL_HALPULAAR.json,/content/historicalRole/kingdomsOrChiefdoms,"Almamiya de Futa Toro (theocracie islamique fondee en 1776 par les Torobe, renversant la dynastie paienne Deniyanke).",corrected in batch 7
outside-register,feticheur,dataset/source/afrik/peuples/FLG_NIGERCONGO/PPL_KABYE.json,/content/organization/religiousAuthority,Tchodjo (grand pretre feticheur): fixe les dates des ceremonies selon les oracles.,kept: the word glosses a local term the field names (operator ruling 2026-10-03)
outside-register,sauvage,dataset/source/afrik/peuples/FLG_NIGERCONGO/PPL_KAVANGO.json,/content/culture/majorRites,"Rites agricoles : ceremonies liees aux semailles (millet perlé mahangu) et aux recoltes, incluant la consommation rituelle de mafumpura (tubercule sauvage) lors de la saison des recoltes en avril par les vaKwangali.","kept: a wild plant or animal, or an use reported as pejorative"
jargon,glottochronologie,dataset/source/afrik/peuples/FLG_NIGERCONGO/PPL_KIKONGO.json,/content/origins/ancientOrigins,La glottochronologie estime la separation de la langue kikongo du groupe gabon-congo vers 950 avant J.-C.,"explained in batch 7, at its first occurrence in the field"
jargon,proto-couchitique,dataset/source/afrik/peuples/FLG_NIGERCONGO/PPL_KIRUNDI_TUTSI.json,/content/origins/ancientOrigins,"Les donnees linguistiques et archeologiques indiquent qu'ils descendent principalement de locuteurs du proto-couchitique meridional (Tale South Cushitic, branche eteinte), entres dans la region des Grands Lacs avant 800 av.","left: « proto- » reconstruction terms, many (see ledger)"
outside-register,feticheurs,dataset/source/afrik/peuples/FLG_NIGERCONGO/PPL_KOUYOU.json,/content/organization/religiousAuthority,Presence de feticheurs charges de la protection des villages et des recoltes.,"corrected in batch 8: « objet rituel », « talisman », « officiant »"
outside-register,fétiche,dataset/source/afrik/peuples/FLG_NIGERCONGO/PPL_KOUYOU.json,/content/culture/symbols,"ymboles lies a la forge traditionnelle (les Kouyou sont connus pour leur travail du metal), masques utilises lors des ceremonies d'initiation et de communication avec les ancetres, objets-fétiche des nganga (statuettes, cornes, colliers de protection).","corrected in batch 8: « objet rituel », « talisman », « officiant »"
outside-register,sauvage,dataset/source/afrik/peuples/FLG_NIGERCONGO/PPL_KRAHN.json,/content/culture/spiritualities,Les esprits de la brousse sont des entites du monde non touche par l'homme qui doivent etre propitiatoires avant tout contact avec le territoire sauvage.,"kept: a wild plant or animal, or an use reported as pejorative"
jargon,proto-makua,dataset/source/afrik/peuples/FLG_NIGERCONGO/PPL_MAKUA.json,/content/origins/ancientOrigins,"Des études historiques suggèrent qu'une langue proto-makua unique était parlée il y a environ un millier d'années, depuis laquelle les dialectes actuels ont divergé.","left: « proto- » reconstruction terms, many (see ledger)"
outside-register,sauvages,dataset/source/afrik/peuples/FLG_NIGERCONGO/PPL_MUCUISSI.json,/content/culture/artsAndMusic,Confection de paniers a partir de plantes sauvages (pratique anterieure a la colonisation).,"kept: a wild plant or animal, or an use reported as pejorative"
outside-register,belliqueuses,dataset/source/afrik/peuples/FLG_NIGERCONGO/PPL_NGALA.json,/content/historicalRole/relationsWithNeighbors,"Relations mixtes (commerciales et parfois belliqueuses) avec les groupes soudanais du nord (Ngbandi, Ngbaka).","kept: reported, quoted or attributed, or a term the fiche itself criticises"
outside-register,sauvages,dataset/source/afrik/peuples/FLG_NIGERCONGO/PPL_NGANGUELA.json,/content/culture/symbols,"a relation a la terre et aux ressources naturelles (agriculture de subsistance, elevage de petits animaux, cueillette de fruits sauvages, miel) est centrale dans l'identite Nganguela.","kept: a wild plant or animal, or an use reported as pejorative"
outside-register,sauvages,dataset/source/afrik/peuples/FLG_NIGERCONGO/PPL_NYANJA.json,/content/culture/majorRites,"Les danseurs portent des costumes et masques en bois et paille representant une grande variete de personnages : animaux sauvages, esprits des morts, marchands d'esclaves et figures contemporaines (motos, helicopteres).","kept: a wild plant or animal, or an use reported as pejorative"
jargon,proto-sotho,dataset/source/afrik/peuples/FLG_NIGERCONGO/PPL_PEDI.json,/content/origins/migrationRoutes/0,frique orientale (region des Grands Lacs) vers le Zimbabwe occidental — migration proto-Sotho en vagues du 2e au 7e siecle,"left: « proto- » reconstruction terms, many (see ledger)"
outside-register,fetiche,dataset/source/afrik/peuples/FLG_NIGERCONGO/PPL_PUNU.json,/content/culture/artsAndMusic,"La sculpture fetiche (bois, metal, reliques) est associee aux societes secretes.","corrected in batch 8: « objet rituel », « talisman », « officiant »"
outside-register,fétiche,dataset/source/afrik/peuples/FLG_NIGERCONGO/PPL_PUNU.json,/content/culture/spiritualities,"Le fétiche Mbumba (richesse, commerce) est l'un des reliques cultuels notables.","corrected in batch 8: « objet rituel », « talisman », « officiant »"
jargon,proto-tsonga,dataset/source/afrik/peuples/FLG_NIGERCONGO/PPL_RONGA.json,/content/origins/migrationRoutes/0,frique de l'Est (Grands Lacs) — migration proto-Tsonga en plusieurs vagues a partir du 1er millenaire,"left: « proto- » reconstruction terms, many (see ledger)"
jargon,proto-tsonga,dataset/source/afrik/peuples/FLG_NIGERCONGO/PPL_RONGA_MOZ.json,/content/origins/migrationRoutes/0,igrations proto-Tsonga depuis l'Afrique de l'Est (Grands Lacs) — etablissement dans la region de Delagoa Bay en plusieurs vagues,"left: « proto- » reconstruction terms, many (see ledger)"
jargon,proto-bantou,dataset/source/afrik/peuples/FLG_NIGERCONGO/PPL_RUNDI.json,/content/origins/migrationRoutes/0,igrations proto-Bantou vers la region des Grands Lacs depuis le bassin du Congo — 1er millenaire de l'ere commune,"left: « proto- » reconstruction terms, many (see ledger)"
outside-register,fétiches,dataset/source/afrik/peuples/FLG_NIGERCONGO/PPL_SOLONGO.json,/content/culture/symbols,"kisi (fétiches/objets de pouvoir spirituel, tradition kongo centrale).",kept: the word glosses a local term the field names (operator ruling 2026-10-03)
jargon,proto-sotho,dataset/source/afrik/peuples/FLG_NIGERCONGO/PPL_SOTHO_NORD.json,/content/origins/migrationRoutes/0,"igration proto-sotho depuis l'Afrique des Grands Lacs via le Zimbabwe occidental, 15e-16e siècles","left: « proto- » reconstruction terms, many (see ledger)"
outside-register,sauvage,dataset/source/afrik/peuples/FLG_NIGERCONGO/PPL_SOTHO_NORD.json,/content/organization/clanOrganization,"dentité clanique définie par des totems animaux (sello/seboko) héréditaires : tau (lion), kwena (crocodile), kolobe (cochon sauvage), noko (porc-épic), kgabo (singe), nare (buffle), tlou (éléphant).","kept: a wild plant or animal, or an use reported as pejorative"
jargon,proto-groupe,dataset/source/afrik/peuples/FLG_NIGERCONGO/PPL_SOTHO_TSWANA.json,/content/origins/ancientOrigins,e proto-groupe Sotho-Tswana descend de peuples bantous ayant migré depuis l'Afrique du Nord-Est vers le Ve siècle de l'ère commune.,"left: « proto- » reconstruction terms, many (see ledger)"
jargon,proto-groupe,dataset/source/afrik/peuples/FLG_NIGERCONGO/PPL_SOTHO_TSWANA.json,/content/origins/majorHistoricalEvents,IVe siècle : séparation du proto-groupe Sotho-Tswana.,"left: « proto- » reconstruction terms, many (see ledger)"
jargon,proto-swahili,dataset/source/afrik/peuples/FLG_NIGERCONGO/PPL_SWAHILI_SOMALIE.json,/content/origins/ancientOrigins,"Les Bajuni tracent leurs origines a Shungwaya, cite mythique et proto-swahili de la tradition orale, avec certains recits incluant des ancetres yemenites qui s'unirent aux agriculteurs locaux.","left: « proto- » reconstruction terms, many (see ledger)"
jargon,proto-bantou,dataset/source/afrik/peuples/FLG_NIGERCONGO/PPL_SWAZI.json,/content/origins/migrationRoutes/0,igration depuis l'Afrique de l'Est (origines proto-bantou) vers le Mozambique (côte de Delagoa Bay),"left: « proto- » reconstruction terms, many (see ledger)"
outside-register,féticheurs,dataset/source/afrik/peuples/FLG_NIGERCONGO/PPL_TABWA.json,/content/organization/religiousAuthority,"Les chefs-sorciers (bapule, ou chefs-féticheurs) ont une double autorité politique et spirituelle.",kept: the word glosses a local term the field names (operator ruling 2026-10-03)
outside-register,fétiches,dataset/source/afrik/peuples/FLG_NIGERCONGO/PPL_TEKE_NORD.json,/content/culture/artsAndMusic,Statues Nkisi (fétiches) : chaque statue contient des bilongo (matériaux médicaux ou fétichistes) servant diverses fonctions.,kept: the word glosses a local term the field names (operator ruling 2026-10-03)
outside-register,fétichistes,dataset/source/afrik/peuples/FLG_NIGERCONGO/PPL_TEKE_NORD.json,/content/culture/artsAndMusic,Statues Nkisi (fétiches) : chaque statue contient des bilongo (matériaux médicaux ou fétichistes) servant diverses fonctions.,kept: the word glosses a local term the field names (operator ruling 2026-10-03)
outside-register,primitifs,dataset/source/afrik/peuples/FLG_NIGERCONGO/PPL_TSWA.json,/content/origins/ancientOrigins,Leurs ancetres etaient parmi les habitants primitifs du Mozambique meridional avant le 15e siecle.,corrected in batch 7
jargon,proto-tswa,dataset/source/afrik/peuples/FLG_NIGERCONGO/PPL_TSWA_CALANGA.json,/content/origins/ancientOrigins,Les populations proto-Tswa sont liees aux Zhizo et aux agriculteurs du Leopard's Kopje Culture (500-1050 apr.,"left: « proto- » reconstruction terms, many (see ledger)"
jargon,proto-bantou,dataset/source/afrik/peuples/FLG_NIGERCONGO/PPL_TSWA_MOZ.json,/content/origins/ancientOrigins,"Leurs ancetres partagent une origine commune avec les Ronga et les Tsonga (Shangaan), tous issus d'un meme groupe proto-bantou qui migra depuis l'Afrique centrale vers le sud en longeant la cote orientale africaine.","left: « proto- » reconstruction terms, many (see ledger)"
outside-register,sauvage,dataset/source/afrik/peuples/FLG_NIGERCONGO/PPL_URHOBO.json,/content/appellations/originOfExonyms,"e terme Sobo, exonyme pejoratif d'origine incertaine (peut-etre lie a sobo signifiant sauvage ou rustique dans certaines langues voisines), fut utilise par les administrateurs coloniaux britanniques et les voisins itsekiri pour designer les Urhobo.","kept: a wild plant or animal, or an use reported as pejorative"
outside-register,fetiches,dataset/source/afrik/peuples/FLG_NIGERCONGO/PPL_VILI.json,/content/organization/religiousAuthority,"Les nkisi (objets-fetiches) et les nkisi konde (fetiches a clous) sont les representations physiques celebres de la spiritualite vili, reconnus dans les grandes collections d'art africain mondiales.",kept: the word glosses a local term the field names (operator ruling 2026-10-03)
outside-register,fetiches,dataset/source/afrik/peuples/FLG_NIGERCONGO/PPL_VILI.json,/content/organization/religiousAuthority,"Les nkisi (objets-fetiches) et les nkisi konde (fetiches a clous) sont les representations physiques celebres de la spiritualite vili, reconnus dans les grandes collections d'art africain mondiales.",kept: the word glosses a local term the field names (operator ruling 2026-10-03)
outside-register,fetiches,dataset/source/afrik/peuples/FLG_NIGERCONGO/PPL_VILI.json,/content/culture/majorRites,"Les rituels d'installation des nkisi (fetiches) impliquent des ceremonies de consecration avec des ingredients vegetaux, animaux et mineraux.",kept: the word glosses a local term the field names (operator ruling 2026-10-03)
outside-register,fetiche,dataset/source/afrik/peuples/FLG_NIGERCONGO/PPL_VILI.json,/content/culture/symbols,"e nkisi (objet-fetiche, singulier; bakisi au pluriel) est le symbole spirituel le plus celebre des Vili, connu dans le monde entier depuis les collections coloniales (influences reconnues par Henri Matisse et Pablo Picasso en 1906).",kept: the word glosses a local term the field names (operator ruling 2026-10-03)
outside-register,fetiches,dataset/source/afrik/peuples/FLG_NIGERCONGO/PPL_VILI.json,/content/culture/artsAndMusic,"a sculpture vili est celebre dans le monde entier, notamment les nkisi konde (fetiches a clous en bois, invoques pour reparer les injustices sociales: chaque clou marque un contrat ou une accusation).",kept: the word glosses a local term the field names (operator ruling 2026-10-03)
jargon,proto-bantou,dataset/source/afrik/peuples/FLG_NIGERCONGO/PPL_WANDYA.json,/content/origins/migrationRoutes/0,igration bantou depuis le nord-ouest (region du Rwanda-Burundi proto-bantou) vers l'ouest de l'Ouganda et le Nord-Kivu congolais,"left: « proto- » reconstruction terms, many (see ledger)"
outside-register,sauvages,dataset/source/afrik/peuples/FLG_NILOSAHARIENNE/PPL_NYANGATOM.json,/content/organization/ageClassSystems,"Chaque generation recoit l'identite d'une espece animale : fondateurs, chiens sauvages, zebres, tortues, montagnes (generations eteintes), puis elephants, autruches, antilopes, buffles (generations vivantes).","kept: a wild plant or animal, or an use reported as pejorative"
jargon,proto-nilotiques,dataset/source/afrik/peuples/FLG_NILOTIQUE/PPL_DATOGA.json,/content/origins/ancientOrigins,Les communautes proto-nilotiques commencerent a migrer vers le sud des le deuxieme millenaire av.,"left: « proto- » reconstruction terms, many (see ledger)"
jargon,proto-kalenjin,dataset/source/afrik/peuples/FLG_NILOTIQUE/PPL_DATOGA.json,/content/origins/formationPeriod,"J.-C., les nilotiques meridionaux se diviserent en proto-Kalenjin (nord du Mau) et proto-Datooga (qui se deplacer vers les plaines de Mara et de Loita).","left: « proto- » reconstruction terms, many (see ledger)"
jargon,proto-datooga,dataset/source/afrik/peuples/FLG_NILOTIQUE/PPL_DATOGA.json,/content/origins/formationPeriod,"J.-C., les nilotiques meridionaux se diviserent en proto-Kalenjin (nord du Mau) et proto-Datooga (qui se deplacer vers les plaines de Mara et de Loita).","left: « proto- » reconstruction terms, many (see ledger)"
jargon,proto-ateker,dataset/source/afrik/peuples/FLG_NILOTIQUE/PPL_JIE.json,/content/origins/migrationRoutes/0,"igration depuis l'Abyssinie (Ethiopie) vers le sud-ouest, vers 1600-1700, avec le groupe proto-Ateker","left: « proto- » reconstruction terms, many (see ledger)"
jargon,proto-groupe,dataset/source/afrik/peuples/FLG_NILOTIQUE/PPL_JIE_SUD.json,/content/origins/migrationRoutes/0,"igration originelle depuis l'Abyssinie (Ethiopie) avec le proto-groupe Ateker, vers 1600-1700","left: « proto- » reconstruction terms, many (see ledger)"
jargon,proto-langue,dataset/source/afrik/peuples/FLG_NILOTIQUE/PPL_KALENJIN.json,/content/origins/ancientOrigins,"Les linguistes rattachent leur proto-langue au berceau nilotique oriente dans le bassin du Nil moyen oriental, au sud du Nil Bleu (Abbai), des le troisieme millenaire av.","left: « proto- » reconstruction terms, many (see ledger)"
jargon,proto-nilotique,dataset/source/afrik/peuples/FLG_NILOTIQUE/PPL_KALENJIN.json,/content/origins/unificationsOrDivisions,lusieurs sous-groupes se sont formes a partir d'un tronc proto-nilotique commun en se separant progressivement.,"left: « proto- » reconstruction terms, many (see ledger)"
jargon,proto-groupe,dataset/source/afrik/peuples/FLG_NILOTIQUE/PPL_KARAMOJONG.json,/content/appellations/originOfExonyms,"e nom Karamojong derive de la formule ekar ngimojong signifiant les vieux hommes ne peuvent plus marcher ou les vieux hommes se sont assis, en reference aux anciens qui refuserent de poursuivre la migration vers le sud depuis le pays Jie (Najie) lors de la fra","left: « proto- » reconstruction terms, many (see ledger)"
jargon,proto-groupe,dataset/source/afrik/peuples/FLG_NILOTIQUE/PPL_KARAMOJONG.json,/content/origins/migrationRoutes/0,"igration depuis l'Abyssinie (Ethiopie) vers le sud-ouest, avec le proto-groupe Ateker, vers 1600-1700","left: « proto- » reconstruction terms, many (see ledger)"
outside-register,hamitique,dataset/source/afrik/peuples/FLG_NILOTIQUE/PPL_KUMAM.json,/content/origins/ancientOrigins,"Ils etaient a l'origine des Nilotiques des plaines (Plains Nilotes), apparentes aux Iteso et aux Karamojong, partageant le groupe Ateker (Nilo-Hamitique).","kept: reported, quoted or attributed, or a term the fiche itself criticises"
outside-register,hamitique,dataset/source/afrik/peuples/FLG_NILOTIQUE/PPL_LANGI.json,/content/origins/ancientOrigins,"Hutchinson (1902) les decrivait comme l'une des nations principales de l'ancien royaume de Bunyoro, les rattachant aux peuples de stock Galla (hamitique) plutot qu'aux Nilotiques noirs.","kept: reported, quoted or attributed, or a term the fiche itself criticises"
outside-register,hamitique,dataset/source/afrik/peuples/FLG_NILOTIQUE/PPL_LANGO.json,/content/appellations/ethnoLinguisticGroup,"ilotique (groupe Ateker/Nilo-Hamitique, avec forte influence Luo dans la langue actuelle)","kept: reported, quoted or attributed, or a term the fiche itself criticises"
jargon,proto-nilotique,dataset/source/afrik/peuples/FLG_NILOTIQUE/PPL_NILOTIQUE_MACRO.json,/content/origins/formationPeriod,e proto-nilotique s'est constitue au troisieme millenaire av.,"left: « proto- » reconstruction terms, many (see ledger)"
jargon,proto-somalis,dataset/source/afrik/peuples/FLG_NILOTIQUE/PPL_RENDILLE.json,/content/origins/migrationRoutes/2,"eparation d'avec les proto-Somalis : les Rendille restent a Marsabit, les Somalis continuent vers la Somalie","left: « proto- » reconstruction terms, many (see ledger)"
outside-register,sauvages,dataset/source/afrik/peuples/FLG_NILOTIQUE/PPL_TOPOSA.json,/content/organization/ageClassSystems,"Les ensembles de génération portent des noms d'animaux sauvages (Ngikaléso/Autruches, Ngingoletyáng/Gazelles, Ngibokói, Ngipyéi, Ngitukoí, Ngidongo).","kept: a wild plant or animal, or an use reported as pejorative"
outside-register,sauvage,dataset/source/afrik/peuples/FLG_OMOTIQUE/PPL_BENCH.json,/content/origins/ancientOrigins,"La région Bench, riche en café sauvage et en cardamome éthiopienne, est historiquement liée à la zone de production du café arabica.","kept: a wild plant or animal, or an use reported as pejorative"
jargon,hypertrophique,dataset/source/afrik/peuples/FLG_OMOTIQUE/PPL_DIZI.json,/content/origins/unificationsOrDivisions,"Haberland le qualifie d'« hypertrophique », c'est-à-dire exagérément développé, même pour les standards éthiopiens ; ce jugement est le sien.",kept: already glossed and attributed (batch 2)
jargon,hypertrophique,dataset/source/afrik/peuples/FLG_OMOTIQUE/PPL_DIZI.json,/content/organization/clanOrganization,"ystème de castes hypertrophique selon Haberland : groupes aux statuts très différenciés (geima, kaaltyab, kwaygi et autres).",kept: already glossed and attributed (batch 2)
jargon,glottalisées,dataset/source/afrik/peuples/FLG_OMOTIQUE/PPL_DIZI.json,/content/languages/vehicularRole,"Le dizin présente des consonnes glottalisées, des nasales syllabiques, des voyelles longues et trois niveaux tonaux phonémiques, ainsi que des tons contours.","explained in batch 7, at its first occurrence in the field"
outside-register,sauvages,dataset/source/afrik/peuples/FLG_OMOTIQUE/PPL_KAFA.json,/content/origins/ancientOrigins,"Leur territoire, la region de Kaffa, est mondialement reconnu comme le berceau du cafe arabica (Coffea arabica), dont les varietes sauvages poussent encore dans les forets primaires de la region.","kept: a wild plant or animal, or an use reported as pejorative"
outside-register,sauvages,dataset/source/afrik/peuples/FLG_OMOTIQUE/PPL_KAFA.json,/content/origins/ancientOrigins,La Reserve de biosphere de Kafa contient pres de 5 000 varietes sauvages de la plante.,"kept: a wild plant or animal, or an use reported as pejorative"
outside-register,sauvage,dataset/source/afrik/peuples/FLG_OMOTIQUE/PPL_KAFA.json,/content/culture/symbols,Le miel sauvage de haute qualite est un produit symbolique de l'identite kafa.,"kept: a wild plant or animal, or an use reported as pejorative"
outside-register,sauvages,dataset/source/afrik/peuples/FLG_OMOTIQUE/PPL_KAFA.json,/content/culture/spiritualities,"La veneration de la nature, notamment des forets et des arbres a cafe sauvages, est profondement ancree dans la vision du monde kafa.","kept: a wild plant or animal, or an use reported as pejorative"
outside-register,sauvages,dataset/source/afrik/peuples/FLG_OMOTIQUE/PPL_MALE.json,/content/origins/historicalSettlementZones/6,"asses terres : agriculture mixte et chasse (antilopes, sangliers sauvages)","kept: a wild plant or animal, or an use reported as pejorative"
jargon,proto-omotiques,dataset/source/afrik/peuples/FLG_OMOTIQUE/PPL_OMOTIQUE_MACRO.json,/content/origins/ancientOrigins,"Les analyses de vocabulaire reconstruites montrent que les Proto-Omotiques cultivaient l'ensète (plante alimentaire endémique d'Ethiopie) depuis la periode Proto-Omotique, faisant d'eux l'un des premiers peuples agricoles d'Afrique orientale.","left: « proto- » reconstruction terms, many (see ledger)"
jargon,proto-omotique,dataset/source/afrik/peuples/FLG_OMOTIQUE/PPL_OMOTIQUE_MACRO.json,/content/origins/ancientOrigins,"Les analyses de vocabulaire reconstruites montrent que les Proto-Omotiques cultivaient l'ensète (plante alimentaire endémique d'Ethiopie) depuis la periode Proto-Omotique, faisant d'eux l'un des premiers peuples agricoles d'Afrique orientale.","left: « proto- » reconstruction terms, many (see ledger)"
jargon,proto-omotique,dataset/source/afrik/peuples/FLG_OMOTIQUE/PPL_OMOTIQUE_MACRO.json,/content/origins/ancientOrigins,"Le lexique proto-omotique atteste également de termes pour la poterie, certaines plantes cultivées, et des outils.","left: « proto- » reconstruction terms, many (see ledger)"
jargon,proto-nord,dataset/source/afrik/peuples/FLG_OMOTIQUE/PPL_OMOTIQUE_MACRO.json,/content/origins/ancientOrigins,"L'élevage bovin est apparu plus tardivement, après la fin de la période Proto-Nord-Omotique, par contact avec des peuples cushitiques des hautes terres.","left: « proto- » reconstruction terms, many (see ledger)"
jargon,proto-nord,dataset/source/afrik/peuples/FLG_OMOTIQUE/PPL_OMOTIQUE_MACRO.json,/content/origins/migrationRoutes/1,xpansion des Proto-Nord-Omotiques depuis un foyer probable dans la région Omo vers les hautes terres du SNNPR,"left: « proto- » reconstruction terms, many (see ledger)"
jargon,agglutinatives,dataset/source/afrik/peuples/FLG_OMOTIQUE/PPL_OMOTIQUE_MACRO.json,/content/languages/vehicularRole,"Les langues omotiques sont généralement agglutinatives, tonales, et suivent l'ordre sujet-objet-verbe (SOV).","explained in batch 7, at its first occurrence in the field"
jargon,phonèmes,dataset/source/afrik/peuples/FLG_OMOTIQUE/PPL_SHEKO.json,/content/languages/vehicularRole,"Le sheko présente des traits phonologiques remarquables : 28 phonèmes consonantiques, dont des rétroflexes distinctives ; cinq voyelles longues et six voyelles courtes ; quatre niveaux tonémiques phonémiques — l'un des rares systèmes à quatre tons d'Afrique.","explained in batch 7, at its first occurrence in the field"
jargon,proto-tchadique,dataset/source/afrik/peuples/FLG_SAHARIEN/PPL_BUDUMA.json,/content/origins/ancientOrigins,"es Buduma revendiquent une descendance des peuples de la civilisation Sao (culture proto-tchadique, 6e siecle av.","left: « proto- » reconstruction terms, many (see ledger)"
jargon,proto-sahariennes,dataset/source/afrik/peuples/FLG_SAHARIEN/PPL_KANEMBU.json,/content/origins/ancientOrigins,es Kanembu sont les descendants des populations nomades proto-sahariennes qui ont fondé l'empire du Kanem vers 700 de l'ère commune.,"left: « proto- » reconstruction terms, many (see ledger)"
jargon,proto-saharienne,dataset/source/afrik/peuples/FLG_SAHARIEN/PPL_SAHARIEN_MACRO.json,/content/origins/ancientOrigins,"La langue proto-saharienne remonterait à plusieurs millénaires, issue d'un ancêtre commun nilo-saharien.","left: « proto- » reconstruction terms, many (see ledger)"
outside-register,sauvages,dataset/source/afrik/peuples/FLG_SEMITIQUE/PPL_HARARI.json,/content/culture/majorRites,"La coutume d'alimenter les hyenes sauvages la nuit (pratique remontant a plusieurs siecles, perpetuee par les familles de nourrisseurs de hyenes — Hyena Men) est une tradition unique a Harar.","kept: a wild plant or animal, or an use reported as pejorative"
jargon,proto-berberes,dataset/source/afrik/peuples/FLG_SEMITIQUE/PPL_HARATINE.json,/content/origins/ancientOrigins,"J.-C., les proto-Berberes venus du nord-est de l'Afrique s'imposent au Sahara ; les populations melanodermiques des sites du Tassili migrent vers le Sahel (Malika Hachid).","left: « proto- » reconstruction terms, many (see ledger)"
jargon,proto-songhaï,dataset/source/afrik/peuples/FLG_SONGHAY/PPL_KOYRA_BORO_SEYO.json,/content/origins/ancientOrigins,"Les ancêtres du groupe songhay parlent une langue remontant au proto-songhaï, classée dans le groupe nilo-saharien selon la majorité des linguistes (bien que cette classification reste controversée).","left: « proto- » reconstruction terms, many (see ledger)"
outside-register,sauvages,dataset/source/afrik/peuples/FLG_SOUDANIQUECENTRAL/PPL_NGBANDE.json,/content/organization/roleOfLineages,"Les hommes ont traditionnellement chassé, pêché et défriché les terres ; les femmes ont collecté les aliments sauvages et effectué les travaux agricoles (binage, plantation, récolte).","kept: a wild plant or animal, or an use reported as pejorative"
outside-register,paien,dataset/source/afrik/peuples/FLG_SOUDANIQUECENTRAL/PPL_SARA.json,/content/appellations/exonyms/2,"irdi (terme pejoratif signifiant paien, employe par des populations musulmanes pour designer les non-musulmans, dont ceux du sud du Tchad)","kept: reported, quoted or attributed, or a term the fiche itself criticises"
outside-register,paien,dataset/source/afrik/peuples/FLG_SOUDANIQUECENTRAL/PPL_SARA.json,/content/appellations/originOfExonyms,"Kirdi signifie paien : un auteur tchadien le rattache au kanembu, un glossaire de reference le rattache a l'arabe qird, singe ; les deux s'accordent sur l'usage meprisant qu'en ont fait des populations musulmanes pour designer les non-musulmans.","kept: reported, quoted or attributed, or a term the fiche itself criticises"
jargon,proto-soudanien,dataset/source/afrik/peuples/FLG_SOUDANIQUECENTRAL/PPL_SCT_MACRO.json,/content/origins/migrationRoutes/0,"ispersion depuis un berceau proto-soudanien central vers le nord-est de la RDC et le Soudan du Sud (groupes orientaux : Lendu, Mangbetu, Moru-Madi)","left: « proto- » reconstruction terms, many (see ledger)"
outside-register,paien,dataset/source/afrik/peuples/FLG_TCHADIQUE/PPL_GIZIGA.json,/content/origins/ancientOrigins,"es Giziga appartiennent au groupe Kirdi (terme arabe-fulbe signifiant paien), vaste ensemble de peuples de la region du lac Tchad et des montagnes Mandara qui ont resiste a l'islamisation.","kept: reported, quoted or attributed, or a term the fiche itself criticises"
jargon,atr,dataset/source/afrik/peuples/FLG_TCHADIQUE/PPL_HAUSA.json,/content/organization/religiousAuthority,Pre-islam : religion Maguzanci (ATR) avec le culte de possession des esprits (Bori) et les sacrifices animaux.,"explained in batch 7, at its first occurrence in the field"
outside-register,paien,dataset/source/afrik/peuples/FLG_TCHADIQUE/PPL_MASA.json,/content/appellations/originOfExonyms,"Kirdi est un terme pejoratif d'origine arabo-peule signifiant paien, utilise pour designer les peuples non-muslmans du nord du Cameroun — terme rejete par les populations concernees.","kept: reported, quoted or attributed, or a term the fiche itself criticises"
outside-register,paien,dataset/source/afrik/peuples/FLG_TCHADIQUE/PPL_MOBE.json,/content/appellations/originOfExonyms,e terme Kirdi (signifiant paien en arabe-peul) a ete utilise comme desig nation generique pour de nombreux petits groupes non-islamises du nord du Cameroun.,"kept: reported, quoted or attributed, or a term the fiche itself criticises"
outside-register,paien,dataset/source/afrik/peuples/FLG_TCHADIQUE/PPL_MOFU.json,/content/origins/majorHistoricalEvents,"Gudur fut decrit par certains observateurs comme un 'Mecque paien', centre de pelerinage pour plusieurs groupes ethniques voisins (Kapsiki, Mafa, Wula, Sukur, Dughwede, Guduf).","kept: reported, quoted or attributed, or a term the fiche itself criticises"
jargon,proto-tuu,dataset/source/afrik/peuples/FLG_TUU/PPL_TAA.json,/content/origins/ancientOrigins,"Le Proto-Tuu, ancêtre commun des langues Tuu, était vraisemblablement parlé dans la région du Kalahari, comme en témoigne le terme reconstructible pour l'oryx : *hai.","left: « proto- » reconstruction terms, many (see ledger)"
jargon,proto-tuu,dataset/source/afrik/peuples/FLG_TUU/PPL_TUU_MACRO.json,/content/origins/ancientOrigins,L'ancetre commun Proto-Tuu etait probablement parle dans la region du Kalahari; un mot reconstituable pour le gemsbok (*!hai) temoigne de cette origine geographique.,"left: « proto- » reconstruction terms, many (see ledger)"
jargon,proto-tuu,dataset/source/afrik/peuples/FLG_TUU/PPL_TUU_MACRO.json,/content/culture/symbols,e gemsbok (oryx): animal totémique reconstituable au Proto-Tuu (*!hai).,"left: « proto- » reconstruction terms, many (see ledger)"
