row_id,platform,surface,publication_id,url,published_date,age_days_at_collection,collected_date,content_group_id,group_method,typologie,hook_or_caption_start,actual_format,format_detail,format_verification,ledger_format,ledger_format_matches_live,duration_s,slide_count,views,views_definition,reach,impressions,likes,comments,shares,saves,followers_gained,link_clicks,avg_watch_s,pct_viewed,core_interactions_per_1000_views,views_vs_platform_format_median,metrics_scope,observation_window,distribution,dq_notes
R001,instagram,instagram,Ddt7x5oqurc,https://www.instagram.com/reel/Ddt7x5oqurc/,2026-09-25,1,2026-09-26,frontieres-appartenance,text-rule,,Pourquoi les pays d'Afrique ont-ils gardé leu,short_video,reel,Business Suite type column,,,133,,1875,Meta 'Views' (plays incl. replays; for carousels the counting unit is not documented),1612,,48,1,10,27,26,,26 s,,31.5,1.47,single_platform,lifetime (age in age_days_at_collection),organic (no boost label seen; paid tab not opened),"subject matched from caption text, not URL"
R002,facebook,facebook,2316931765832568,https://www.facebook.com/reel/2316931765832568,2026-09-25,1,2026-09-26,frontieres-appartenance,text-rule,,Pourquoi les pays d'Afrique ont-ils gardé leu,short_video,reel,Business Suite type column,,,133,,770,Meta 'Views' (plays incl. replays; for carousels the counting unit is not documented),745,,15,0,6,5,2,,17 s,,27.3,1.09,single_platform,lifetime (age in age_days_at_collection),organic (no boost label seen; paid tab not opened),"subject matched from caption text, not URL"
R003,instagram+facebook(combined),instagram+facebook,Ddty8BbiOyM,https://www.instagram.com/p/Ddty8BbiOyM/,2026-09-25,1,2026-09-26,griot-d-ou-vient-le-nom,ledger-url,mot,D'où vient le nom « griot » ? Ceux qu'on appe,carousel,multi-photo/carousel,"Business Suite type column (multi-media: carousel on IG, multi-photo on FB; slide count not read)",carrousel,yes,,,329,"Meta 'Views' on a combined IG+FB row; equals Instagram's own count in the one case checked, NOT a sum",52,,8,0,2,2,0,0,,,30.4,,combined_IG+FB,lifetime (age in age_days_at_collection),organic (no boost label seen; paid tab not opened),"combined IG+FB row: metrics cannot be split, do not add or compare to single-platform rows"
R004,facebook,facebook,1380903870695826,https://www.facebook.com/reel/1380903870695826,2026-09-25,1,2026-09-26,manden-mande-mandingue-trois-mots,ledger-url,langue,"D'où vient le nom Mandé ? Manden, Mandé, mand",short_video,reel,Business Suite type column,video,yes,179,,2021,Meta 'Views' (plays incl. replays; for carousels the counting unit is not documented),2162,,24,0,11,13,12,1,19 s,,17.3,2.85,single_platform,lifetime (age in age_days_at_collection),organic (no boost label seen; paid tab not opened),
R005,instagram,instagram,DdtxN3eKEUR,https://www.instagram.com/reel/DdtxN3eKEUR/,2026-09-25,1,2026-09-26,manden-mande-mandingue-trois-mots,ledger-url,langue,"D'où vient le nom Mandé ? Manden, Mandé, mand",short_video,reel,Business Suite type column,video,yes,178,,2090,Meta 'Views' (plays incl. replays; for carousels the counting unit is not documented),1786,,105,0,13,31,32,,28 s,,56.5,1.64,single_platform,lifetime (age in age_days_at_collection),organic (no boost label seen; paid tab not opened),
R006,instagram,instagram,Ddtpv6yKDaf,https://www.instagram.com/reel/Ddtpv6yKDaf/,2026-09-25,1,2026-09-26,mali-quelle-histoire,ledger-url,pays,D'où vient le nom Mali ? Le même mot a désign,short_video,reel,Business Suite type column,video,yes,186,,74,Meta 'Views' (plays incl. replays; for carousels the counting unit is not documented),60,,4,0,0,1,1,,32 s,,54.1,0.06,single_platform,lifetime (age in age_days_at_collection),organic (no boost label seen; paid tab not opened),
R007,facebook,facebook,4460192550908000,https://www.facebook.com/reel/4460192550908000,2026-09-25,1,2026-09-26,mali-quelle-histoire,ledger-url,pays,"D'où vient le nom Mali ? Un empire, une ville",short_video,reel,Business Suite type column,video,yes,187,,2361,Meta 'Views' (plays incl. replays; for carousels the counting unit is not documented),2366,,21,0,7,7,6,,17 s,,11.9,3.33,single_platform,lifetime (age in age_days_at_collection),organic (no boost label seen; paid tab not opened),
R008,instagram+facebook(combined),instagram+facebook,DdtmHSpiHFj,https://www.instagram.com/p/DdtmHSpiHFj/,2026-09-25,1,2026-09-26,pourquoi-la-meconnaissance-freine-l-afrique,text-rule,introduction,Pourquoi ignorer nos noms freine l'Afrique ?,carousel,multi-photo/carousel,"Business Suite type column (multi-media: carousel on IG, multi-photo on FB; slide count not read)",,,,,188,"Meta 'Views' on a combined IG+FB row; equals Instagram's own count in the one case checked, NOT a sum",21,,5,0,1,0,0,0,,,31.9,,combined_IG+FB,lifetime (age in age_days_at_collection),organic (no boost label seen; paid tab not opened),"combined IG+FB row: metrics cannot be split, do not add or compare to single-platform rows; subject matched from caption text, not URL"
R009,instagram+facebook(combined),instagram+facebook,DdtlAfziEDK,https://www.instagram.com/p/DdtlAfziEDK/,2026-09-25,1,2026-09-26,comprendre-afrique-noms,text-rule,introduction,Comprendre l’Afrique à travers les noms Des p,carousel,multi-photo/carousel,"Business Suite type column (multi-media: carousel on IG, multi-photo on FB; slide count not read)",,,,,157,"Meta 'Views' on a combined IG+FB row; equals Instagram's own count in the one case checked, NOT a sum",42,,3,0,1,1,0,0,,,25.5,,combined_IG+FB,lifetime (age in age_days_at_collection),organic (no boost label seen; paid tab not opened),"combined IG+FB row: metrics cannot be split, do not add or compare to single-platform rows; subject matched from caption text, not URL"
R010,instagram+facebook(combined),instagram+facebook,Ddo3LdXpW7s,https://www.instagram.com/reel/Ddo3LdXpW7s/,2026-09-23,3,2026-09-26,pourquoi-la-meconnaissance-freine-l-afrique,ledger-url,introduction,Pourquoi ignorer nos noms freine l’Afrique ?,short_video,reel,Business Suite type column,video,yes,141,,1810,"Meta 'Views' on a combined IG+FB row; equals Instagram's own count in the one case checked, NOT a sum",921,,41,1,4,17,8,0,11 s,,25.4,,combined_IG+FB,lifetime (age in age_days_at_collection),organic (no boost label seen; paid tab not opened),"combined IG+FB row: metrics cannot be split, do not add or compare to single-platform rows"
R011,instagram+facebook(combined),instagram+facebook,Ddm53XToG7y,https://www.instagram.com/reel/Ddm53XToG7y/,2026-09-23,3,2026-09-26,comprendre-afrique-noms,ledger-url,introduction,Comprendre l’Afrique à travers les noms Des p,short_video,reel,Business Suite type column,video,yes,110,,1088,"Meta 'Views' on a combined IG+FB row; equals Instagram's own count in the one case checked, NOT a sum",420,,31,1,5,5,4,0,14 s,,34,,combined_IG+FB,lifetime (age in age_days_at_collection),organic (no boost label seen; paid tab not opened),"combined IG+FB row: metrics cannot be split, do not add or compare to single-platform rows"
R012,instagram+facebook(combined),instagram+facebook,Ddjj-qyCJZP,https://www.instagram.com/p/Ddjj-qyCJZP/,2026-09-21,5,2026-09-26,ghana-qui-a-choisi-le-nom,ledger-url,pays,Le nom du Ghana actuel vient-il de l'ancien e,carousel,multi-photo/carousel,"Business Suite type column (multi-media: carousel on IG, multi-photo on FB; slide count not read)",carrousel,yes,,,406,"Meta 'Views' on a combined IG+FB row; equals Instagram's own count in the one case checked, NOT a sum",65,,6,0,6,3,0,1,,,29.6,,combined_IG+FB,lifetime (age in age_days_at_collection),organic (no boost label seen; paid tab not opened),"combined IG+FB row: metrics cannot be split, do not add or compare to single-platform rows"
R013,facebook,facebook,1427433532659252,https://www.facebook.com/reel/1427433532659252,2026-09-21,5,2026-09-26,swahili-le-nom-de-la-cote,text-rule,langue,Le swahili est-il une langue arabe ? Non : le,short_video,reel,Business Suite type column,,,27,,200,Meta 'Views' (plays incl. replays; for carousels the counting unit is not documented),156,,5,0,1,0,2,,11 s,,30,0.28,single_platform,lifetime (age in age_days_at_collection),organic (no boost label seen; paid tab not opened),"subject matched from caption text, not URL"
R014,instagram,instagram,Ddjig2QCNOf,https://www.instagram.com/p/Ddjig2QCNOf/,2026-09-21,5,2026-09-26,swahili-le-nom-de-la-cote,ledger-url,langue,Le swahili est-il une langue arabe ? Non : le,carousel,carousel,Business Suite type column,carrousel,yes,,,226,Meta 'Views' (plays incl. replays; for carousels the counting unit is not documented),156,,4,0,0,1,0,,,,17.7,1.6,single_platform,lifetime (age in age_days_at_collection),organic (no boost label seen; paid tab not opened),
R015,facebook,facebook,2134904313729448,https://www.facebook.com/reel/2134904313729448,2026-09-21,5,2026-09-26,ethnie-d-ou-vient-le-mot,text-rule,mot,« Ethnie » est-il un mot inventé par la colon,short_video,reel,Business Suite type column,,,23,,174,Meta 'Views' (plays incl. replays; for carousels the counting unit is not documented),116,,3,1,1,1,0,,15 s,,28.7,0.25,single_platform,lifetime (age in age_days_at_collection),organic (no boost label seen; paid tab not opened),"subject matched from caption text, not URL"
R016,instagram+facebook(combined),instagram+facebook,Ddjg1LcCKsc,https://www.instagram.com/p/Ddjg1LcCKsc/,2026-09-21,5,2026-09-26,ethnie-d-ou-vient-le-mot,ledger-url,mot,« Ethnie » est-il un mot inventé par la colon,carousel,multi-photo/carousel,"Business Suite type column (multi-media: carousel on IG, multi-photo on FB; slide count not read)",carrousel,yes,,,419,"Meta 'Views' on a combined IG+FB row; equals Instagram's own count in the one case checked, NOT a sum",91,,2,1,5,0,0,0,,,19.1,,combined_IG+FB,lifetime (age in age_days_at_collection),organic (no boost label seen; paid tab not opened),"combined IG+FB row: metrics cannot be split, do not add or compare to single-platform rows"
R017,instagram,instagram,Ddi43-6KvKU,https://www.instagram.com/reel/Ddi43-6KvKU/,2026-09-21,5,2026-09-26,mbappe-d-ou-vient-le-nom,ledger-url,patronyme,D'où vient le nom « Mbappé » ? Ce que nous av,short_video,reel,Business Suite type column,video,yes,59,,737,Meta 'Views' (plays incl. replays; for carousels the counting unit is not documented),605,,21,4,32,3,3,,16 s,,77.3,0.58,single_platform,lifetime (age in age_days_at_collection),organic (no boost label seen; paid tab not opened),
R018,facebook,facebook,1100010462512862,https://www.facebook.com/reel/1100010462512862,2026-09-21,5,2026-09-26,mbappe-d-ou-vient-le-nom,text-rule,patronyme,D'où vient le nom « Mbappé » ? On le lit comm,short_video,reel,Business Suite type column,,,59,,1659,Meta 'Views' (plays incl. replays; for carousels the counting unit is not documented),1582,,29,0,2,4,5,,11 s,,18.7,2.34,single_platform,lifetime (age in age_days_at_collection),organic (no boost label seen; paid tab not opened),"subject matched from caption text, not URL"
R019,instagram,instagram,Ddi4DCdqKqC,https://www.instagram.com/reel/Ddi4DCdqKqC/,2026-09-21,5,2026-09-26,fulbe-sept-noms-un-sens-ouvert,ledger-url,peuple,D'où vient le nom « Fulbe » ? C'est le nom qu,short_video,reel,Business Suite type column,video,yes,155,,360,Meta 'Views' (plays incl. replays; for carousels the counting unit is not documented),334,,9,0,0,0,2,,13 s,,25,0.28,single_platform,lifetime (age in age_days_at_collection),organic (no boost label seen; paid tab not opened),
R020,facebook,facebook,meta-row-19,,2026-09-21,5,2026-09-26,fulbe-sept-noms-un-sens-ouvert,text-rule,peuple,D'où vient le nom « Fulbe » ? C'est le nom qu,short_video,reel,Business Suite type column,,,156,,709,Meta 'Views' (plays incl. replays; for carousels the counting unit is not documented),753,,16,0,1,0,4,,18 s,,24,1,single_platform,lifetime (age in age_days_at_collection),organic (no boost label seen; paid tab not opened),"no permalink captured; subject matched from caption text, not URL"
R021,instagram,instagram,DdiqtPTqFik,https://www.instagram.com/reel/DdiqtPTqFik/,2026-09-21,5,2026-09-26,swahili-le-nom-de-la-cote,text-rule,langue,D'où vient le nom « swahili » ? On dit swahil,short_video,reel,Business Suite type column,,,83,,6926,Meta 'Views' (plays incl. replays; for carousels the counting unit is not documented),5288,,339,20,220,134,178,,36 s,,83.6,5.44,single_platform,lifetime (age in age_days_at_collection),organic (no boost label seen; paid tab not opened),"subject matched from caption text, not URL"
R022,facebook,facebook,meta-row-21,,2026-09-21,5,2026-09-26,swahili-le-nom-de-la-cote,text-rule,langue,D'où vient le nom « swahili » ? Le mot est ar,short_video,reel,Business Suite type column,,,84,,411,Meta 'Views' (plays incl. replays; for carousels the counting unit is not documented),398,,12,0,0,3,0,,14 s,,29.2,0.58,single_platform,lifetime (age in age_days_at_collection),organic (no boost label seen; paid tab not opened),"no permalink captured; subject matched from caption text, not URL"
R023,instagram,instagram,DdiqXAWKY3F,https://www.instagram.com/reel/DdiqXAWKY3F/,2026-09-21,5,2026-09-26,ghana-qui-a-choisi-le-nom,ledger-url,pays,"D'où vient le nom « Ghana » ? Aujourd'hui, 21",short_video,reel,Business Suite type column,video,yes,150,,665,Meta 'Views' (plays incl. replays; for carousels the counting unit is not documented),552,,30,0,2,6,4,,55 s,,48.1,0.52,single_platform,lifetime (age in age_days_at_collection),organic (no boost label seen; paid tab not opened),
R024,facebook,facebook,meta-row-23,,2026-09-21,5,2026-09-26,ghana-qui-a-choisi-le-nom,text-rule,pays,D'où vient le nom « Ghana » ? Trois versions,short_video,reel,Business Suite type column,,,151,,2371,Meta 'Views' (plays incl. replays; for carousels the counting unit is not documented),2264,,49,0,11,16,17,,34 s,,25.3,3.34,single_platform,lifetime (age in age_days_at_collection),organic (no boost label seen; paid tab not opened),"no permalink captured; subject matched from caption text, not URL"
R025,facebook,facebook,meta-row-24,,2026-09-21,5,2026-09-26,goma-un-nom-sans-source,text-rule,lieu,D'où vient le nom « Goma » ? On dit : du tamb,short_video,reel,Business Suite type column,,,138,,275,Meta 'Views' (plays incl. replays; for carousels the counting unit is not documented),252,,2,0,1,0,0,,8 s,,10.9,0.39,single_platform,lifetime (age in age_days_at_collection),organic (no boost label seen; paid tab not opened),"no permalink captured; subject matched from caption text, not URL"
R026,instagram,instagram,Ddipp7NK1v7,https://www.instagram.com/reel/Ddipp7NK1v7/,2026-09-21,5,2026-09-26,goma-un-nom-sans-source,ledger-url,lieu,D'où vient le nom « Goma » ? On dit : du tamb,short_video,reel,Business Suite type column,video,yes,138,,402,Meta 'Views' (plays incl. replays; for carousels the counting unit is not documented),353,,12,1,5,1,6,,16 s,,44.8,0.32,single_platform,lifetime (age in age_days_at_collection),organic (no boost label seen; paid tab not opened),
R027,facebook,facebook,1091358410515555,https://www.facebook.com/reel/1091358410515555,2026-09-21,5,2026-09-26,ethnie-d-ou-vient-le-mot,ledger-url,mot,D'où vient le mot « ethnie » ? Voici ce que d,short_video,reel,Business Suite type column,video,yes,109,,626,Meta 'Views' (plays incl. replays; for carousels the counting unit is not documented),588,,11,0,1,2,2,,13 s,,19.2,0.88,single_platform,lifetime (age in age_days_at_collection),organic (no boost label seen; paid tab not opened),
R028,instagram,instagram,Ddio8K6q1WF,https://www.instagram.com/reel/Ddio8K6q1WF/,2026-09-21,5,2026-09-26,ethnie-d-ou-vient-le-mot,ledger-url,mot,D'où vient le mot « ethnie » ? Le Trésor de l,short_video,reel,Business Suite type column,video,yes,109,,399,Meta 'Views' (plays incl. replays; for carousels the counting unit is not documented),342,,8,0,1,4,6,,12 s,,22.6,0.31,single_platform,lifetime (age in age_days_at_collection),organic (no boost label seen; paid tab not opened),
R029,facebook,facebook,meta-row-28,,2026-09-17,9,2026-09-26,operator-meta-no-subject,text-rule,,"Merci pour vos réactions, y compris les plus",text,text post,Business Suite type column,,,,,152,Meta 'Views' (plays incl. replays; for carousels the counting unit is not documented),40,,0,0,1,0,0,,,,6.6,1,single_platform,lifetime (age in age_days_at_collection),organic (no boost label seen; paid tab not opened),"no permalink captured; subject matched from caption text, not URL"
R030,facebook,facebook,2757309928004646,https://www.facebook.com/reel/2757309928004646,2026-09-17,9,2026-09-26,operator-meta-no-subject,text-rule,,"Bonjour à toutes et à tous, Nous ne disons pa",short_video,reel,Business Suite type column,,,15,,1209,Meta 'Views' (plays incl. replays; for carousels the counting unit is not documented),1006,,12,1,0,0,1,,5 s,,10.8,1.71,single_platform,lifetime (age in age_days_at_collection),organic (no boost label seen; paid tab not opened),"subject matched from caption text, not URL"
R031,instagram,instagram,DdZMcPAo3Yx,https://www.instagram.com/reel/DdZMcPAo3Yx/,2026-09-17,9,2026-09-26,operator-meta-no-subject,text-rule,,Nous ne disons pas qui a raison. Nous raconto,short_video,reel,Business Suite type column,,,9,,360,Meta 'Views' (plays incl. replays; for carousels the counting unit is not documented),273,,6,0,0,0,1,,4 s,,16.7,0.28,single_platform,lifetime (age in age_days_at_collection),organic (no boost label seen; paid tab not opened),"subject matched from caption text, not URL"
R032,facebook,facebook,meta-row-31,,2026-09-17,9,2026-09-26,la-carte-cachee-series,series-inference,,Votre reel,short_video,reel,Business Suite type column,,,25,,779,Meta 'Views' (plays incl. replays; for carousels the counting unit is not documented),573,,11,1,2,2,2,,10 s,,18,1.1,single_platform,lifetime (age in age_days_at_collection),organic (no boost label seen; paid tab not opened),"no permalink captured; captionless reel of series 'La carte cachee' (6 reels on 2026-09-17, inferred; only 05/06 and the series opener verified); not in ledger"
R033,facebook,facebook,meta-row-32,,2026-09-17,9,2026-09-26,la-carte-cachee-series,series-inference,,Votre reel,short_video,reel,Business Suite type column,,,23,,1478,Meta 'Views' (plays incl. replays; for carousels the counting unit is not documented),1114,,14,0,3,2,5,,11 s,,11.5,2.08,single_platform,lifetime (age in age_days_at_collection),organic (no boost label seen; paid tab not opened),"no permalink captured; captionless reel of series 'La carte cachee' (6 reels on 2026-09-17, inferred; only 05/06 and the series opener verified); not in ledger"
R034,facebook,facebook,1097621012922282,https://www.facebook.com/reel/1097621012922282,2026-09-17,9,2026-09-26,dioula-un-metier-une-langue-une-identite,manual-verified,peuple,Votre reel,short_video,reel,Business Suite type column,,,18,,77964,Meta 'Views' (plays incl. replays; for carousels the counting unit is not documented),59145,,843,414,144,226,514,,14 s,,18,109.96,single_platform,lifetime (age in age_days_at_collection),organic (no boost label seen; paid tab not opened),"VERIFIED by opening: 'La carte cachee 05/06 - Le mot dioula est sur la carte, deux fois'; text-on-image reel with music; 414 comments mostly disputes; not in ledger"
R035,facebook,facebook,meta-row-34,,2026-09-17,9,2026-09-26,la-carte-cachee-series,series-inference,,Votre reel,short_video,reel,Business Suite type column,,,41,,2783,Meta 'Views' (plays incl. replays; for carousels the counting unit is not documented),2344,,41,0,7,11,11,,12 s,,17.2,3.93,single_platform,lifetime (age in age_days_at_collection),organic (no boost label seen; paid tab not opened),"no permalink captured; captionless reel of series 'La carte cachee' (6 reels on 2026-09-17, inferred; only 05/06 and the series opener verified); not in ledger"
R036,facebook,facebook,meta-row-35,,2026-09-17,9,2026-09-26,la-carte-cachee-series,series-inference,,Votre reel,short_video,reel,Business Suite type column,,,29,,608,Meta 'Views' (plays incl. replays; for carousels the counting unit is not documented),513,,8,0,0,1,1,,6 s,,13.2,0.86,single_platform,lifetime (age in age_days_at_collection),organic (no boost label seen; paid tab not opened),"no permalink captured; captionless reel of series 'La carte cachee' (6 reels on 2026-09-17, inferred; only 05/06 and the series opener verified); not in ledger"
R037,facebook,facebook,911511311716859,https://www.facebook.com/reel/911511311716859,2026-09-17,9,2026-09-26,la-carte-cachee-series,series-inference,,Votre reel,short_video,reel,Business Suite type column,,,45,,359,Meta 'Views' (plays incl. replays; for carousels the counting unit is not documented),309,,6,0,0,0,1,,8 s,,16.7,0.51,single_platform,lifetime (age in age_days_at_collection),organic (no boost label seen; paid tab not opened),"captionless reel of series 'La carte cachee' (6 reels on 2026-09-17, inferred; only 05/06 and the series opener verified); not in ledger"
R038,instagram,instagram,DdXck5ho7pq,https://www.instagram.com/reel/DdXck5ho7pq/,2026-09-17,9,2026-09-26,unresolved,none,,Cette publication ne contient pas de texte,short_video,reel,Business Suite type column,,,9,,266,Meta 'Views' (plays incl. replays; for carousels the counting unit is not documented),204,,4,0,0,0,0,,4 s,,15,0.21,single_platform,lifetime (age in age_days_at_collection),organic (no boost label seen; paid tab not opened),subject not identified
R039,instagram+facebook(combined),instagram+facebook,DdRDe9XCEct,https://www.instagram.com/p/DdRDe9XCEct/,2026-09-17,9,2026-09-26,krio-quatre-vagues-freetown,text-rule,peuple,« Créole » veut dire né dans la colonie. En A,carousel,multi-photo/carousel,"Business Suite type column (multi-media: carousel on IG, multi-photo on FB; slide count not read)",,,,,513,"Meta 'Views' on a combined IG+FB row; equals Instagram's own count in the one case checked, NOT a sum",33,,15,1,7,3,0,0,,,44.8,,combined_IG+FB,lifetime (age in age_days_at_collection),organic (no boost label seen; paid tab not opened),"combined IG+FB row: metrics cannot be split, do not add or compare to single-platform rows; subject matched from caption text, not URL"
R040,instagram+facebook(combined),instagram+facebook,DdRoajWCCx2,https://www.instagram.com/p/DdRoajWCCx2/,2026-09-17,9,2026-09-26,senoufo-syenambele,text-rule,peuple,"En Côte d'Ivoire, les sculpteurs qui ont insp",carousel,multi-photo/carousel,"Business Suite type column (multi-media: carousel on IG, multi-photo on FB; slide count not read)",,,,,358,"Meta 'Views' on a combined IG+FB row; equals Instagram's own count in the one case checked, NOT a sum",24,,10,0,3,6,0,0,,,36.3,,combined_IG+FB,lifetime (age in age_days_at_collection),organic (no boost label seen; paid tab not opened),"combined IG+FB row: metrics cannot be split, do not add or compare to single-platform rows; subject matched from caption text, not URL"
R041,instagram+facebook(combined),instagram+facebook,DdRp0KzCPVc,https://www.instagram.com/p/DdRp0KzCPVc/,2026-09-17,9,2026-09-26,daloa-zokou-gbeuly,text-rule,lieu,"En Côte d'Ivoire, le fondateur de Daloa est m",carousel,multi-photo/carousel,"Business Suite type column (multi-media: carousel on IG, multi-photo on FB; slide count not read)",,,,,525,"Meta 'Views' on a combined IG+FB row; equals Instagram's own count in the one case checked, NOT a sum",36,,16,0,4,13,0,0,,,38.1,,combined_IG+FB,lifetime (age in age_days_at_collection),organic (no boost label seen; paid tab not opened),"combined IG+FB row: metrics cannot be split, do not add or compare to single-platform rows; subject matched from caption text, not URL"
R042,instagram+facebook(combined),instagram+facebook,DdVSaEuCIXy,https://www.instagram.com/p/DdVSaEuCIXy/,2026-09-17,9,2026-09-26,lingala-invente-par-les-belges,text-rule,langue,"Le lingala, une langue inventée par les Belge",carousel,multi-photo/carousel,"Business Suite type column (multi-media: carousel on IG, multi-photo on FB; slide count not read)",,,,,593,"Meta 'Views' on a combined IG+FB row; equals Instagram's own count in the one case checked, NOT a sum",29,,40,0,34,23,2,0,,,124.8,,combined_IG+FB,lifetime (age in age_days_at_collection),organic (no boost label seen; paid tab not opened),"combined IG+FB row: metrics cannot be split, do not add or compare to single-platform rows; subject matched from caption text, not URL"
R043,instagram+facebook(combined),instagram+facebook,DdVTDTOCPjR,https://www.instagram.com/p/DdVTDTOCPjR/,2026-09-17,9,2026-09-26,rastafari-ras-tafari,text-rule,peuple,"« Rastafari » n'est pas un mot jamaïcain, c'e",carousel,multi-photo/carousel,"Business Suite type column (multi-media: carousel on IG, multi-photo on FB; slide count not read)",,,,,381,"Meta 'Views' on a combined IG+FB row; equals Instagram's own count in the one case checked, NOT a sum",33,,13,0,3,8,0,0,,,42,,combined_IG+FB,lifetime (age in age_days_at_collection),organic (no boost label seen; paid tab not opened),"combined IG+FB row: metrics cannot be split, do not add or compare to single-platform rows; subject matched from caption text, not URL"
R044,instagram+facebook(combined),instagram+facebook,DdVToP3CI2u,https://www.instagram.com/p/DdVToP3CI2u/,2026-09-17,9,2026-09-26,cameroun-le-continent,ledger-url,pays,On appelle le Cameroun « le Continent ». D'où,carousel,multi-photo/carousel,"Business Suite type column (multi-media: carousel on IG, multi-photo on FB; slide count not read)",carrousel,yes,,,245,"Meta 'Views' on a combined IG+FB row; equals Instagram's own count in the one case checked, NOT a sum",23,,7,0,1,2,0,0,,,32.7,,combined_IG+FB,lifetime (age in age_days_at_collection),organic (no boost label seen; paid tab not opened),"combined IG+FB row: metrics cannot be split, do not add or compare to single-platform rows"
R045,instagram+facebook(combined),instagram+facebook,DdVVs9PCEFp,https://www.instagram.com/p/DdVVs9PCEFp/,2026-09-17,9,2026-09-26,igbo-enwe-eze-sans-roi,text-rule,peuple,"Au Nigeria, la plupart des villages igbo se g",carousel,multi-photo/carousel,"Business Suite type column (multi-media: carousel on IG, multi-photo on FB; slide count not read)",,,,,288,"Meta 'Views' on a combined IG+FB row; equals Instagram's own count in the one case checked, NOT a sum",25,,6,0,1,1,0,0,,,24.3,,combined_IG+FB,lifetime (age in age_days_at_collection),organic (no boost label seen; paid tab not opened),"combined IG+FB row: metrics cannot be split, do not add or compare to single-platform rows; subject matched from caption text, not URL"
R046,instagram+facebook(combined),instagram+facebook,DdVXiFGiFCL,https://www.instagram.com/p/DdVXiFGiFCL/,2026-09-17,9,2026-09-26,cabinda-yombe-trois-conventions,text-rule,peuple,Qui a nommé le Cabinda ? Personne ne le sait,carousel,multi-photo/carousel,"Business Suite type column (multi-media: carousel on IG, multi-photo on FB; slide count not read)",,,,,241,"Meta 'Views' on a combined IG+FB row; equals Instagram's own count in the one case checked, NOT a sum",26,,3,0,1,4,0,0,,,16.6,,combined_IG+FB,lifetime (age in age_days_at_collection),organic (no boost label seen; paid tab not opened),"combined IG+FB row: metrics cannot be split, do not add or compare to single-platform rows; subject matched from caption text, not URL"
R047,instagram+facebook(combined),instagram+facebook,DdV4LwUCGES,https://www.instagram.com/p/DdV4LwUCGES/,2026-09-17,9,2026-09-26,diallo-djallo-jallow,ledger-url,patronyme,Diallo et Djallo ne sont pas deux noms. C'est,carousel,multi-photo/carousel,"Business Suite type column (multi-media: carousel on IG, multi-photo on FB; slide count not read)",carrousel,yes,,,220,"Meta 'Views' on a combined IG+FB row; equals Instagram's own count in the one case checked, NOT a sum",21,,6,0,3,2,1,0,,,40.9,,combined_IG+FB,lifetime (age in age_days_at_collection),organic (no boost label seen; paid tab not opened),"combined IG+FB row: metrics cannot be split, do not add or compare to single-platform rows"
R048,instagram+facebook(combined),instagram+facebook,DdXFQWRiHKw,https://www.instagram.com/p/DdXFQWRiHKw/,2026-09-17,9,2026-09-26,liberia-nom-latin-libre,text-rule,pays,Libéria : un nom donné par une société privée,carousel,multi-photo/carousel,"Business Suite type column (multi-media: carousel on IG, multi-photo on FB; slide count not read)",,,,,152,"Meta 'Views' on a combined IG+FB row; equals Instagram's own count in the one case checked, NOT a sum",26,,2,0,1,1,0,0,,,19.7,,combined_IG+FB,lifetime (age in age_days_at_collection),organic (no boost label seen; paid tab not opened),"combined IG+FB row: metrics cannot be split, do not add or compare to single-platform rows; subject matched from caption text, not URL"
R049,instagram+facebook(combined),instagram+facebook,DdXGE_bCBNZ,https://www.instagram.com/p/DdXGE_bCBNZ/,2026-09-17,9,2026-09-26,guinee-vingt-neuf-peuples,ledger-url,pays,"La Guinée, c'est vingt-neuf peuples. Et son n",carousel,multi-photo/carousel,"Business Suite type column (multi-media: carousel on IG, multi-photo on FB; slide count not read)",carrousel,yes,,,254,"Meta 'Views' on a combined IG+FB row; equals Instagram's own count in the one case checked, NOT a sum",25,,7,0,2,1,0,0,,,35.4,,combined_IG+FB,lifetime (age in age_days_at_collection),organic (no boost label seen; paid tab not opened),"combined IG+FB row: metrics cannot be split, do not add or compare to single-platform rows"
R050,instagram+facebook(combined),instagram+facebook,DdXahyVCMU_,https://www.instagram.com/p/DdXahyVCMU_/,2026-09-17,9,2026-09-26,nigeria-flora-shaw,text-rule,pays,"Nigeria, inventé à Londres ? Proposé, pas inv",carousel,multi-photo/carousel,"Business Suite type column (multi-media: carousel on IG, multi-photo on FB; slide count not read)",,,,,304,"Meta 'Views' on a combined IG+FB row; equals Instagram's own count in the one case checked, NOT a sum",44,,6,0,5,2,0,0,,,36.2,,combined_IG+FB,lifetime (age in age_days_at_collection),organic (no boost label seen; paid tab not opened),"combined IG+FB row: metrics cannot be split, do not add or compare to single-platform rows; subject matched from caption text, not URL"
R051,facebook,facebook,meta-row-50,,2026-09-16,10,2026-09-26,manden-mande-mandingue-trois-mots,text-rule,langue,"Au Mali, en Guinée et au Sénégal, « Mandé » n",short_video,reel,Business Suite type column,,,122,,87807,Meta 'Views' (plays incl. replays; for carousels the counting unit is not documented),79437,,4509,97,884,932,2627,3,30 s,,62.5,123.85,single_platform,lifetime (age in age_days_at_collection),organic (no boost label seen; paid tab not opened),"no permalink captured; subject matched from caption text, not URL"
R052,instagram,instagram,DdVWjKmqby7,https://www.instagram.com/reel/DdVWjKmqby7/,2026-09-16,10,2026-09-26,manden-mande-mandingue-trois-mots,text-rule,langue,"Au Mali, en Guinée et au Sénégal, « Mandé » n",short_video,reel,Business Suite type column,,,121,,3640,Meta 'Views' (plays incl. replays; for carousels the counting unit is not documented),3050,,202,1,41,63,60,,28 s,,67,2.86,single_platform,lifetime (age in age_days_at_collection),organic (no boost label seen; paid tab not opened),"subject matched from caption text, not URL"
R053,facebook,facebook,meta-row-52,,2026-09-16,10,2026-09-26,mungo-park-fleuve-joliba,text-rule,mot,Mungo Park a-t-il découvert le fleuve Niger ?,short_video,reel,Business Suite type column,,,152,,1148,Meta 'Views' (plays incl. replays; for carousels the counting unit is not documented),1014,,27,0,1,1,11,,30 s,,24.4,1.62,single_platform,lifetime (age in age_days_at_collection),organic (no boost label seen; paid tab not opened),"no permalink captured; subject matched from caption text, not URL"
R054,instagram,instagram,DdVU04YK2Yw,https://www.instagram.com/reel/DdVU04YK2Yw/,2026-09-16,10,2026-09-26,mungo-park-fleuve-joliba,text-rule,mot,Mungo Park a-t-il découvert le fleuve Niger ?,short_video,reel,Business Suite type column,,,152,,439,Meta 'Views' (plays incl. replays; for carousels the counting unit is not documented),371,,4,2,2,3,2,,29 s,,18.2,0.34,single_platform,lifetime (age in age_days_at_collection),organic (no boost label seen; paid tab not opened),"subject matched from caption text, not URL"
R055,facebook,facebook,meta-row-54,,2026-09-15,11,2026-09-26,cote-divoire-bouet-willaumez,text-rule,pays,Le commandant Bouët-Willaumez a-t-il inventé,short_video,reel,Business Suite type column,,,114,,61054,Meta 'Views' (plays incl. replays; for carousels the counting unit is not documented),55700,,2385,80,714,728,1820,4,43 s,,52.1,86.11,single_platform,lifetime (age in age_days_at_collection),organic (no boost label seen; paid tab not opened),"no permalink captured; subject matched from caption text, not URL"
R056,instagram,instagram,DdSSOYDKLxV,https://www.instagram.com/reel/DdSSOYDKLxV/,2026-09-15,11,2026-09-26,cote-divoire-bouet-willaumez,text-rule,pays,Le commandant Bouët-Willaumez a-t-il inventé,short_video,reel,Business Suite type column,,,114,,5375,Meta 'Views' (plays incl. replays; for carousels the counting unit is not documented),4082,,204,0,227,115,130,,39 s,,80.2,4.22,single_platform,lifetime (age in age_days_at_collection),organic (no boost label seen; paid tab not opened),"subject matched from caption text, not URL"
R057,instagram,instagram,DdRrMKRKR49,https://www.instagram.com/reel/DdRrMKRKR49/,2026-09-14,12,2026-09-26,fulbe-personne-appele-comme-ca,ledger-url,peuple,"Peul, Fula, Fulani, Fellata : au Mali, aucun",short_video,reel,Business Suite type column,video,yes,98,,1274,Meta 'Views' (plays incl. replays; for carousels the counting unit is not documented),1016,,56,2,12,8,24,,32 s,,54.9,1,single_platform,lifetime (age in age_days_at_collection),organic (no boost label seen; paid tab not opened),
R058,facebook,facebook,meta-row-57,,2026-09-14,12,2026-09-26,fulbe-personne-appele-comme-ca,text-rule,peuple,"Peul, Fula, Fulani, Fellata : au Mali, aucun",short_video,reel,Business Suite type column,,,98,,548,Meta 'Views' (plays incl. replays; for carousels the counting unit is not documented),469,,14,0,3,6,3,,31 s,,31,0.77,single_platform,lifetime (age in age_days_at_collection),organic (no boost label seen; paid tab not opened),"no permalink captured; subject matched from caption text, not URL"
R059,facebook,facebook,meta-row-58,,2026-09-14,12,2026-09-26,daloa-zokou-gbeuly,text-rule,lieu,"En Côte d'Ivoire, le fondateur de Daloa est m",carousel,multi-photo/carousel,"Business Suite type column (multi-media: carousel on IG, multi-photo on FB; slide count not read)",,,,,30,Meta 'Views' (plays incl. replays; for carousels the counting unit is not documented),14,,0,0,1,0,0,,,,33.3,2.73,single_platform,lifetime (age in age_days_at_collection),organic (no boost label seen; paid tab not opened),"no permalink captured; subject matched from caption text, not URL"
R060,facebook,facebook,meta-row-59,,2026-09-14,12,2026-09-26,senoufo-syenambele,text-rule,peuple,"En Côte d'Ivoire, les sculpteurs qui ont insp",carousel,multi-photo/carousel,"Business Suite type column (multi-media: carousel on IG, multi-photo on FB; slide count not read)",,,,,22,Meta 'Views' (plays incl. replays; for carousels the counting unit is not documented),10,,0,0,1,0,0,,,,45.5,2,single_platform,lifetime (age in age_days_at_collection),organic (no boost label seen; paid tab not opened),"no permalink captured; subject matched from caption text, not URL"
R061,facebook,facebook,meta-row-60,,2026-09-14,12,2026-09-26,krio-quatre-vagues-freetown,text-rule,peuple,« Créole » veut dire né dans la colonie. En A,carousel,multi-photo/carousel,"Business Suite type column (multi-media: carousel on IG, multi-photo on FB; slide count not read)",,,,,16,Meta 'Views' (plays incl. replays; for carousels the counting unit is not documented),5,,0,0,1,0,0,,,,62.5,1.45,single_platform,lifetime (age in age_days_at_collection),organic (no boost label seen; paid tab not opened),"no permalink captured; subject matched from caption text, not URL"
R062,facebook,facebook,meta-row-61,,2026-09-14,12,2026-09-26,ghana-qui-a-choisi-le-nom,text-rule,pays,"En Côte d'Ivoire et au Ghana, on les appelle",short_video,reel,Business Suite type column,,,48,,592,Meta 'Views' (plays incl. replays; for carousels the counting unit is not documented),459,,19,0,0,0,4,,21 s,,32.1,0.83,single_platform,lifetime (age in age_days_at_collection),organic (no boost label seen; paid tab not opened),"no permalink captured; subject matched from caption text, not URL"
R063,instagram,instagram,DdQ64__Krjy,https://www.instagram.com/reel/DdQ64__Krjy/,2026-09-14,12,2026-09-26,nzema-appolo-frontiere,ledger-url,peuple,"En Côte d'Ivoire et au Ghana, on les appelle",short_video,reel,Business Suite type column,video,yes,48,,2451,Meta 'Views' (plays incl. replays; for carousels the counting unit is not documented),1887,,114,6,38,30,50,,21 s,,64.5,1.92,single_platform,lifetime (age in age_days_at_collection),organic (no boost label seen; paid tab not opened),
R064,facebook,facebook,meta-row-63,,2026-09-13,13,2026-09-26,operator-meta-no-subject,text-rule,,"Bonjour à toutes et à tous, Si vous repérez u",short_video,reel,Business Suite type column,,,9,,356,Meta 'Views' (plays incl. replays; for carousels the counting unit is not documented),236,,5,0,0,0,3,,11 s,,14,0.5,single_platform,lifetime (age in age_days_at_collection),organic (no boost label seen; paid tab not opened),"no permalink captured; subject matched from caption text, not URL"
R065,instagram,instagram,DdOWdi0qvHl,https://www.instagram.com/reel/DdOWdi0qvHl/,2026-09-13,13,2026-09-26,operator-meta-no-subject,text-rule,,Vous connaissez votre peuple mieux que nous.,short_video,reel,Business Suite type column,,,9,,399,Meta 'Views' (plays incl. replays; for carousels the counting unit is not documented),321,,8,0,0,1,3,,5 s,,20.1,0.31,single_platform,lifetime (age in age_days_at_collection),organic (no boost label seen; paid tab not opened),"subject matched from caption text, not URL"
R066,instagram,instagram,DdMm37WKZA7,https://www.instagram.com/reel/DdMm37WKZA7/,2026-09-12,14,2026-09-26,zombie-mot-bantou,text-rule,mot,Le premier film de zombies est américain. Le,short_video,reel,Business Suite type column,,,66,,1324,Meta 'Views' (plays incl. replays; for carousels the counting unit is not documented),1083,,82,0,12,16,22,,18 s,,71,1.04,single_platform,lifetime (age in age_days_at_collection),organic (no boost label seen; paid tab not opened),"subject matched from caption text, not URL"
R067,facebook,facebook,meta-row-66,,2026-09-12,14,2026-09-26,zombie-mot-bantou,text-rule,mot,Le premier film de zombies est américain. Le,short_video,reel,Business Suite type column,,,66,,211,Meta 'Views' (plays incl. replays; for carousels the counting unit is not documented),168,,10,0,0,0,1,,40 s,,47.4,0.3,single_platform,lifetime (age in age_days_at_collection),organic (no boost label seen; paid tab not opened),"no permalink captured; subject matched from caption text, not URL"
R068,facebook,facebook,meta-row-67,,2026-09-12,14,2026-09-26,keita-coulibaly-obligations-alliance,text-rule,patronyme,"Au Mali, un Keïta et un Coulibaly n'ont pas l",short_video,reel,Business Suite type column,,,48,,301,Meta 'Views' (plays incl. replays; for carousels the counting unit is not documented),237,,14,0,1,2,0,,36 s,,49.8,0.42,single_platform,lifetime (age in age_days_at_collection),organic (no boost label seen; paid tab not opened),"no permalink captured; subject matched from caption text, not URL"
R069,instagram,instagram,DdMlIKgK1FI,https://www.instagram.com/reel/DdMlIKgK1FI/,2026-09-12,14,2026-09-26,keita-coulibaly-obligations-alliance,text-rule,patronyme,"Au Mali, un Keïta et un Coulibaly n'ont pas l",short_video,reel,Business Suite type column,,,47,,16084,Meta 'Views' (plays incl. replays; for carousels the counting unit is not documented),12169,,864,24,385,225,453,,20 s,,79.1,12.62,single_platform,lifetime (age in age_days_at_collection),organic (no boost label seen; paid tab not opened),"subject matched from caption text, not URL"
R070,facebook,facebook,meta-row-69,,2026-09-12,14,2026-09-26,vodun-mot-fon-esprit,text-rule,mot,"Au Bénin, vodun veut dire esprit. Haïti a gar",short_video,reel,Business Suite type column,,,57,,436,Meta 'Views' (plays incl. replays; for carousels the counting unit is not documented),371,,8,0,0,2,1,,12 s,,18.3,0.61,single_platform,lifetime (age in age_days_at_collection),organic (no boost label seen; paid tab not opened),"no permalink captured; subject matched from caption text, not URL"
R071,instagram,instagram,DdMjy6mqMWB,https://www.instagram.com/reel/DdMjy6mqMWB/,2026-09-12,14,2026-09-26,vodun-mot-fon-esprit,text-rule,mot,"Au Bénin, vodun veut dire esprit. Haïti a gar",short_video,reel,Business Suite type column,,,57,,4665,Meta 'Views' (plays incl. replays; for carousels the counting unit is not documented),3887,,357,8,170,88,173,,24 s,,114.7,3.66,single_platform,lifetime (age in age_days_at_collection),organic (no boost label seen; paid tab not opened),"subject matched from caption text, not URL"
R072,facebook,facebook,meta-row-71,,2026-09-12,14,2026-09-26,nzebi-muyambili-memoire,text-rule,peuple,"Au Gabon, un homme retenait par cœur l'histoi",short_video,reel,Business Suite type column,,,52,,493,Meta 'Views' (plays incl. replays; for carousels the counting unit is not documented),444,,8,0,0,0,2,,10 s,,16.2,0.7,single_platform,lifetime (age in age_days_at_collection),organic (no boost label seen; paid tab not opened),"no permalink captured; subject matched from caption text, not URL"
R073,instagram,instagram,DdMhuT8KI0o,https://www.instagram.com/reel/DdMhuT8KI0o/,2026-09-12,14,2026-09-26,nzebi-muyambili-memoire,text-rule,peuple,"Au Gabon, un homme retenait par cœur l'histoi",short_video,reel,Business Suite type column,,,52,,2819,Meta 'Views' (plays incl. replays; for carousels the counting unit is not documented),2405,,240,3,39,36,81,,20 s,,100,2.21,single_platform,lifetime (age in age_days_at_collection),organic (no boost label seen; paid tab not opened),"subject matched from caption text, not URL"
R074,facebook,facebook,meta-row-73,,2026-09-12,14,2026-09-26,duala-peuple-avant-la-ville,text-rule,peuple,"Au Cameroun, Douala est le nom d'un peuple av",short_video,reel,Business Suite type column,,,47,,558,Meta 'Views' (plays incl. replays; for carousels the counting unit is not documented),469,,13,0,1,0,3,,10 s,,25.1,0.79,single_platform,lifetime (age in age_days_at_collection),organic (no boost label seen; paid tab not opened),"no permalink captured; subject matched from caption text, not URL"
R075,instagram,instagram,DdMe4BKK1Qc,https://www.instagram.com/reel/DdMe4BKK1Qc/,2026-09-12,14,2026-09-26,duala-peuple-avant-la-ville,ledger-url,peuple,"Au Cameroun, Douala est le nom d'un peuple av",short_video,reel,Business Suite type column,video,yes,46,,1846,Meta 'Views' (plays incl. replays; for carousels the counting unit is not documented),1516,,109,0,67,21,36,,17 s,,95.3,1.45,single_platform,lifetime (age in age_days_at_collection),organic (no boost label seen; paid tab not opened),
R076,facebook,facebook,meta-row-75,,2026-09-12,14,2026-09-26,dioula-un-metier-une-langue-une-identite,text-rule,peuple,Dioula n'est pas un nom de peuple. C'est le m,carousel,multi-photo/carousel,"Business Suite type column (multi-media: carousel on IG, multi-photo on FB; slide count not read)",,,,,13,Meta 'Views' (plays incl. replays; for carousels the counting unit is not documented),3,,0,1,1,0,0,,,,153.8,1.18,single_platform,lifetime (age in age_days_at_collection),organic (no boost label seen; paid tab not opened),"no permalink captured; subject matched from caption text, not URL"
R077,instagram,instagram,DdMd-0JCCjx,https://www.instagram.com/p/DdMd-0JCCjx/,2026-09-12,14,2026-09-26,dioula-un-metier-une-langue-une-identite,text-rule,peuple,Dioula n'est pas un nom de peuple. C'est le m,carousel,carousel,Business Suite type column,,,,,764,Meta 'Views' (plays incl. replays; for carousels the counting unit is not documented),400,,27,0,9,15,1,,,,47.1,5.42,single_platform,lifetime (age in age_days_at_collection),organic (no boost label seen; paid tab not opened),"subject matched from caption text, not URL"
R078,instagram,instagram,DdMcWs6ioA5,https://www.instagram.com/p/DdMcWs6ioA5/,2026-09-12,14,2026-09-26,amazigh-berbere-deux-noms,text-rule,langue,"Au Maroc et en Algérie, « Amazigh » ne veut p",carousel,carousel,Business Suite type column,,,,,91,Meta 'Views' (plays incl. replays; for carousels the counting unit is not documented),50,,2,0,0,0,0,,,,22,0.65,single_platform,lifetime (age in age_days_at_collection),organic (no boost label seen; paid tab not opened),"subject matched from caption text, not URL"
R079,facebook,facebook,meta-row-78,,2026-09-12,14,2026-09-26,amazigh-berbere-deux-noms,text-rule,langue,"Au Maroc et en Algérie, « Amazigh » ne veut p",carousel,multi-photo/carousel,"Business Suite type column (multi-media: carousel on IG, multi-photo on FB; slide count not read)",,,,,11,Meta 'Views' (plays incl. replays; for carousels the counting unit is not documented),3,,0,0,0,0,0,,,,0,1,single_platform,lifetime (age in age_days_at_collection),organic (no boost label seen; paid tab not opened),"no permalink captured; subject matched from caption text, not URL"
R080,facebook,facebook,meta-row-79,,2026-09-12,14,2026-09-26,ghana-qui-a-choisi-le-nom,text-rule,pays,"En Côte d'Ivoire on écrit Agni. Au Ghana, Any",carousel,multi-photo/carousel,"Business Suite type column (multi-media: carousel on IG, multi-photo on FB; slide count not read)",,,,,6,Meta 'Views' (plays incl. replays; for carousels the counting unit is not documented),4,,0,0,1,0,0,,,,166.7,0.55,single_platform,lifetime (age in age_days_at_collection),organic (no boost label seen; paid tab not opened),"no permalink captured; subject matched from caption text, not URL"
R081,instagram,instagram,DdMaTlIiAUR,https://www.instagram.com/p/DdMaTlIiAUR/,2026-09-12,14,2026-09-26,agni-anyi-meme-peuple,ledger-url,peuple,"En Côte d'Ivoire on écrit Agni. Au Ghana, Any",carousel,carousel,Business Suite type column,carrousel,yes,,,263,Meta 'Views' (plays incl. replays; for carousels the counting unit is not documented),150,,11,0,1,3,0,,,,45.6,1.87,single_platform,lifetime (age in age_days_at_collection),organic (no boost label seen; paid tab not opened),
R082,facebook,facebook,meta-row-81,,2026-09-12,14,2026-09-26,mami-wata-nom-anglais,text-rule,mot,"Au Bénin comme au Cameroun, Mami Wata porte u",short_video,reel,Business Suite type column,,,63,,1106,Meta 'Views' (plays incl. replays; for carousels the counting unit is not documented),1141,,18,0,0,1,4,,14 s,,16.3,1.56,single_platform,lifetime (age in age_days_at_collection),organic (no boost label seen; paid tab not opened),"no permalink captured; subject matched from caption text, not URL"
R083,instagram,instagram,DdMX-vUqCLg,https://www.instagram.com/reel/DdMX-vUqCLg/,2026-09-12,14,2026-09-26,mami-wata-nom-anglais,text-rule,mot,"Au Bénin comme au Cameroun, Mami Wata porte u",short_video,reel,Business Suite type column,,,63,,2240,Meta 'Views' (plays incl. replays; for carousels the counting unit is not documented),1872,,106,1,19,28,42,,22 s,,56.3,1.76,single_platform,lifetime (age in age_days_at_collection),organic (no boost label seen; paid tab not opened),"subject matched from caption text, not URL"
R084,instagram,instagram,DdMWZbNqv9d,https://www.instagram.com/reel/DdMWZbNqv9d/,2026-09-12,14,2026-09-26,krou-pas-lequipage,text-rule,langue,"En Côte d'Ivoire, « Krou » ne vient pas de l'",short_video,reel,Business Suite type column,,,90,,5069,Meta 'Views' (plays incl. replays; for carousels the counting unit is not documented),4193,,331,2,39,71,104,,38 s,,73.4,3.98,single_platform,lifetime (age in age_days_at_collection),organic (no boost label seen; paid tab not opened),"subject matched from caption text, not URL"
R085,facebook,facebook,meta-row-84,,2026-09-12,14,2026-09-26,krou-pas-lequipage,text-rule,langue,"En Côte d'Ivoire, « Krou » ne vient pas de l'",short_video,reel,Business Suite type column,,,90,,2747,Meta 'Views' (plays incl. replays; for carousels the counting unit is not documented),2811,,76,1,13,11,15,,22 s,,32.8,3.87,single_platform,lifetime (age in age_days_at_collection),organic (no boost label seen; paid tab not opened),"no permalink captured; subject matched from caption text, not URL"
R086,instagram,instagram,DdJrrx9Csw8,https://www.instagram.com/p/DdJrrx9Csw8/,2026-09-11,15,2026-09-26,bantou-ntu-ba-prefixe,text-rule,mot,"Zoulou, Kongo, Baganda : de l'Afrique du Sud",carousel,carousel,Business Suite type column,,,,,141,Meta 'Views' (plays incl. replays; for carousels the counting unit is not documented),76,,2,0,0,1,0,,,,14.2,1,single_platform,lifetime (age in age_days_at_collection),organic (no boost label seen; paid tab not opened),"subject matched from caption text, not URL"
R087,facebook,facebook,meta-row-86,,2026-09-11,15,2026-09-26,bantou-ntu-ba-prefixe,text-rule,mot,"Zoulou, Kongo, Baganda : de l'Afrique du Sud",carousel,multi-photo/carousel,"Business Suite type column (multi-media: carousel on IG, multi-photo on FB; slide count not read)",,,,,11,Meta 'Views' (plays incl. replays; for carousels the counting unit is not documented),3,,0,0,0,0,0,,,,0,1,single_platform,lifetime (age in age_days_at_collection),organic (no boost label seen; paid tab not opened),"no permalink captured; subject matched from caption text, not URL"
R088,instagram+facebook(combined),instagram+facebook,DdJrHBGCkgi,https://www.instagram.com/p/DdJrHBGCkgi/,2026-09-11,15,2026-09-26,keita-coulibaly-obligations-alliance,text-rule,patronyme,"Keïta, Coulibaly, Traoré, Diarra : au Mali, c",carousel,multi-photo/carousel,"Business Suite type column (multi-media: carousel on IG, multi-photo on FB; slide count not read)",,,,,350,"Meta 'Views' on a combined IG+FB row; equals Instagram's own count in the one case checked, NOT a sum",2,,6,0,4,3,0,0,,,28.6,,combined_IG+FB,lifetime (age in age_days_at_collection),organic (no boost label seen; paid tab not opened),"combined IG+FB row: metrics cannot be split, do not add or compare to single-platform rows; subject matched from caption text, not URL"
R089,instagram,instagram,DdJpn-FCoff,https://www.instagram.com/p/DdJpn-FCoff/,2026-09-11,15,2026-09-26,kouyate-jeli,text-rule,patronyme,"Kouyaté, Camara, Diabaté : au Mali, ton nom d",carousel,carousel,Business Suite type column,,,,,265,Meta 'Views' (plays incl. replays; for carousels the counting unit is not documented),142,,8,0,2,1,0,,,,37.7,1.88,single_platform,lifetime (age in age_days_at_collection),organic (no boost label seen; paid tab not opened),"subject matched from caption text, not URL"
R090,facebook,facebook,meta-row-89,,2026-09-11,15,2026-09-26,kouyate-jeli,text-rule,patronyme,"Kouyaté, Camara, Diabaté : au Mali, ton nom d",carousel,multi-photo/carousel,"Business Suite type column (multi-media: carousel on IG, multi-photo on FB; slide count not read)",,,,,16,Meta 'Views' (plays incl. replays; for carousels the counting unit is not documented),5,,0,0,0,0,0,,,,0,1.45,single_platform,lifetime (age in age_days_at_collection),organic (no boost label seen; paid tab not opened),"no permalink captured; subject matched from caption text, not URL"
R091,instagram,instagram,DdJo2XrCoNl,https://www.instagram.com/p/DdJo2XrCoNl/,2026-09-11,15,2026-09-26,benin-royaume-jamais-au-benin,text-rule,pays,Le Bénin porte le nom d'un royaume qui se tro,carousel,carousel,Business Suite type column,,,,,81,Meta 'Views' (plays incl. replays; for carousels the counting unit is not documented),51,,4,0,0,0,0,,,,49.4,0.57,single_platform,lifetime (age in age_days_at_collection),organic (no boost label seen; paid tab not opened),"subject matched from caption text, not URL"
R092,facebook,facebook,meta-row-91,,2026-09-11,15,2026-09-26,benin-royaume-jamais-au-benin,text-rule,pays,Le Bénin porte le nom d'un royaume qui se tro,carousel,multi-photo/carousel,"Business Suite type column (multi-media: carousel on IG, multi-photo on FB; slide count not read)",,,,,4,Meta 'Views' (plays incl. replays; for carousels the counting unit is not documented),3,,0,0,0,0,0,,,,0,0.36,single_platform,lifetime (age in age_days_at_collection),organic (no boost label seen; paid tab not opened),"no permalink captured; subject matched from caption text, not URL"
R093,instagram+facebook(combined),instagram+facebook,DdJoCElimEO,https://www.instagram.com/p/DdJoCElimEO/,2026-09-11,15,2026-09-26,noms-de-metier-dioula-teke,text-rule,mot,"Dioula, Teke, Manianga, Kavango : quatre peup",carousel,multi-photo/carousel,"Business Suite type column (multi-media: carousel on IG, multi-photo on FB; slide count not read)",,,,,140,"Meta 'Views' on a combined IG+FB row; equals Instagram's own count in the one case checked, NOT a sum",2,,3,0,1,0,0,0,,,28.6,,combined_IG+FB,lifetime (age in age_days_at_collection),organic (no boost label seen; paid tab not opened),"combined IG+FB row: metrics cannot be split, do not add or compare to single-platform rows; subject matched from caption text, not URL"
R094,instagram+facebook(combined),instagram+facebook,DdJnR0LCmRF,https://www.instagram.com/p/DdJnR0LCmRF/,2026-09-11,15,2026-09-26,diaspora-noms-repris-saamaka,text-rule,mot,"Du Suriname au Belize, six peuples ont refusé",carousel,multi-photo/carousel,"Business Suite type column (multi-media: carousel on IG, multi-photo on FB; slide count not read)",,,,,142,"Meta 'Views' on a combined IG+FB row; equals Instagram's own count in the one case checked, NOT a sum",3,,4,0,1,1,0,0,,,35.2,,combined_IG+FB,lifetime (age in age_days_at_collection),organic (no boost label seen; paid tab not opened),"combined IG+FB row: metrics cannot be split, do not add or compare to single-platform rows; subject matched from caption text, not URL"
R095,instagram,instagram,DdJm0wTilEa,https://www.instagram.com/p/DdJm0wTilEa/,2026-09-11,15,2026-09-26,exonymes-hottentot-kirdi-dogon,text-rule,mot,"Hottentot, Habé, Kirdi, Pahouin : quatre noms",carousel,carousel,Business Suite type column,,,,,93,Meta 'Views' (plays incl. replays; for carousels the counting unit is not documented),51,,2,0,0,0,0,,,,21.5,0.66,single_platform,lifetime (age in age_days_at_collection),organic (no boost label seen; paid tab not opened),"subject matched from caption text, not URL"
R096,facebook,facebook,meta-row-95,,2026-09-11,15,2026-09-26,exonymes-hottentot-kirdi-dogon,text-rule,mot,"Hottentot, Habé, Kirdi, Pahouin : quatre noms",carousel,multi-photo/carousel,"Business Suite type column (multi-media: carousel on IG, multi-photo on FB; slide count not read)",,,,,3,Meta 'Views' (plays incl. replays; for carousels the counting unit is not documented),3,,0,0,0,0,0,,,,0,0.27,single_platform,lifetime (age in age_days_at_collection),organic (no boost label seen; paid tab not opened),"no permalink captured; subject matched from caption text, not URL"
R097,facebook,facebook,meta-row-96,,2026-09-11,15,2026-09-26,toponymie-villes-montagnes-fantomes,text-rule,mot,"Bingerville, Brazzaville, Léopoldville : ces",carousel,multi-photo/carousel,"Business Suite type column (multi-media: carousel on IG, multi-photo on FB; slide count not read)",,,,,5,Meta 'Views' (plays incl. replays; for carousels the counting unit is not documented),2,,0,0,1,0,0,,,,200,0.45,single_platform,lifetime (age in age_days_at_collection),organic (no boost label seen; paid tab not opened),"no permalink captured; subject matched from caption text, not URL"
R098,instagram,instagram,DdJmMQUCqy3,https://www.instagram.com/p/DdJmMQUCqy3/,2026-09-11,15,2026-09-26,toponymie-villes-montagnes-fantomes,text-rule,mot,"Bingerville, Brazzaville, Léopoldville : ces",carousel,carousel,Business Suite type column,,,,,141,Meta 'Views' (plays incl. replays; for carousels the counting unit is not documented),70,,3,0,1,1,0,,,,28.4,1,single_platform,lifetime (age in age_days_at_collection),organic (no boost label seen; paid tab not opened),"subject matched from caption text, not URL"
R099,instagram+facebook(combined),instagram+facebook,DdJiDFiCp5H,https://www.instagram.com/p/DdJiDFiCp5H/,2026-09-11,15,2026-09-26,fulbe-personne-appele-comme-ca,ledger-url,peuple,"Peul, Fula, Fulani, Fellata : au Mali, aucun",carousel,multi-photo/carousel,"Business Suite type column (multi-media: carousel on IG, multi-photo on FB; slide count not read)",carrousel,yes,,,265,"Meta 'Views' on a combined IG+FB row; equals Instagram's own count in the one case checked, NOT a sum",2,,3,0,3,1,0,0,,,22.6,,combined_IG+FB,lifetime (age in age_days_at_collection),organic (no boost label seen; paid tab not opened),"combined IG+FB row: metrics cannot be split, do not add or compare to single-platform rows"
R100,instagram+facebook(combined),instagram+facebook,DdCzcu5GeS2,https://www.instagram.com/reel/DdCzcu5GeS2/,2026-09-09,17,2026-09-26,senegal-notre-pirogue,text-rule,pays,Pourquoi le Sénégal porte-t-il ce nom ? Une h,short_video,reel,Business Suite type column,,,35,,1965,"Meta 'Views' on a combined IG+FB row; equals Instagram's own count in the one case checked, NOT a sum",1258,,33,3,3,3,4,0,12 s,,19.8,,combined_IG+FB,lifetime (age in age_days_at_collection),organic (no boost label seen; paid tab not opened),"combined IG+FB row: metrics cannot be split, do not add or compare to single-platform rows; subject matched from caption text, not URL"
R101,instagram+facebook(combined),instagram+facebook,DdCxKEuEoVd,https://www.instagram.com/reel/DdCxKEuEoVd/,2026-09-09,17,2026-09-26,ghana-empire-jamais-sur-son-territoire,text-rule,pays,Le Ghana porte le nom d'un empire qui n'a jam,short_video,reel,Business Suite type column,,,35,,1130,"Meta 'Views' on a combined IG+FB row; equals Instagram's own count in the one case checked, NOT a sum",371,,20,0,3,5,7,0,14 s,,20.4,,combined_IG+FB,lifetime (age in age_days_at_collection),organic (no boost label seen; paid tab not opened),"combined IG+FB row: metrics cannot be split, do not add or compare to single-platform rows; subject matched from caption text, not URL"
R102,facebook,facebook,meta-row-101,,2026-09-07,19,2026-09-26,operator-meta-no-subject,text-rule,,Retrouvez nos publications sur le compte Inst,unknown,unknown,Business Suite type column,,,,,7,Meta 'Views' (plays incl. replays; for carousels the counting unit is not documented),4,,0,0,0,0,0,,,,0,1,single_platform,lifetime (age in age_days_at_collection),organic (no boost label seen; paid tab not opened),"no permalink captured; subject matched from caption text, not URL"
R103,facebook,facebook,meta-row-102,,2026-09-07,19,2026-09-26,bantou-mot-de-linguiste-allemand,text-rule,mot,"« Bantou » désigne une famille de langues, pa",short_video,reel,Business Suite type column,,,35,,453,Meta 'Views' (plays incl. replays; for carousels the counting unit is not documented),396,,6,0,0,1,1,,9 s,,13.2,0.64,single_platform,lifetime (age in age_days_at_collection),organic (no boost label seen; paid tab not opened),"no permalink captured; subject matched from caption text, not URL"
R104,instagram+facebook(combined),instagram+facebook,Dc_y_JPgLm6,https://www.instagram.com/p/Dc_y_JPgLm6/,2026-09-07,19,2026-09-26,bantou-mot-de-linguiste-allemand,text-rule,mot,"« Bantou » désigne une famille de langues, pa",single_photo,single photo,Business Suite type column,,,,,84,"Meta 'Views' on a combined IG+FB row; equals Instagram's own count in the one case checked, NOT a sum",5,,3,0,0,1,0,0,,,35.7,,combined_IG+FB,lifetime (age in age_days_at_collection),organic (no boost label seen; paid tab not opened),"combined IG+FB row: metrics cannot be split, do not add or compare to single-platform rows; subject matched from caption text, not URL"
R105,instagram+facebook(combined),instagram+facebook,Dc_xtCCjgH8,https://www.instagram.com/p/Dc_xtCCjgH8/,2026-09-07,19,2026-09-26,cameroun-crevette,ledger-url,pays,Le Cameroun porte le nom d'une crevette. Au X,single_photo,single photo,Business Suite type column,carrousel,yes,,,84,"Meta 'Views' on a combined IG+FB row; equals Instagram's own count in the one case checked, NOT a sum",4,,3,0,1,1,0,0,,,47.6,,combined_IG+FB,lifetime (age in age_days_at_collection),organic (no boost label seen; paid tab not opened),"combined IG+FB row: metrics cannot be split, do not add or compare to single-platform rows"
R106,instagram+facebook(combined),instagram+facebook,Dc_wnxGD2J6,https://www.instagram.com/reel/Dc_wnxGD2J6/,2026-09-07,19,2026-09-26,mercator-afrique-petite,text-rule,mot,164 voix pour. Une seule contre : les États-U,short_video,reel,Business Suite type column,,,58,,1817,"Meta 'Views' on a combined IG+FB row; equals Instagram's own count in the one case checked, NOT a sum",1088,,20,0,3,2,6,0,9 s,,12.7,,combined_IG+FB,lifetime (age in age_days_at_collection),organic (no boost label seen; paid tab not opened),"combined IG+FB row: metrics cannot be split, do not add or compare to single-platform rows; subject matched from caption text, not URL"
R107,instagram+facebook(combined),instagram+facebook,Dc_wLuVDbNe,https://www.instagram.com/p/Dc_wLuVDbNe/,2026-09-07,19,2026-09-26,nigeria-flora-shaw,text-rule,pays,Le nom « Nigeria » a été proposé par une jour,single_photo,single photo,Business Suite type column,,,,,50,"Meta 'Views' on a combined IG+FB row; equals Instagram's own count in the one case checked, NOT a sum",5,,3,0,1,0,0,0,,,80,,combined_IG+FB,lifetime (age in age_days_at_collection),organic (no boost label seen; paid tab not opened),"combined IG+FB row: metrics cannot be split, do not add or compare to single-platform rows; subject matched from caption text, not URL"
R108,instagram+facebook(combined),instagram+facebook,Dc_vuTHjtSO,https://www.instagram.com/p/Dc_vuTHjtSO/,2026-09-07,19,2026-09-26,lingala-invente-par-les-belges,text-rule,langue,On dit souvent que le lingala a été inventé p,single_photo,single photo,Business Suite type column,,,,,50,"Meta 'Views' on a combined IG+FB row; equals Instagram's own count in the one case checked, NOT a sum",4,,2,0,1,0,0,0,,,60,,combined_IG+FB,lifetime (age in age_days_at_collection),organic (no boost label seen; paid tab not opened),"combined IG+FB row: metrics cannot be split, do not add or compare to single-platform rows; subject matched from caption text, not URL"
R109,instagram+facebook(combined),instagram+facebook,Dc_u8QGGNn7,https://www.instagram.com/p/Dc_u8QGGNn7/,2026-09-07,19,2026-09-26,unresolved,none,,Cette publication ne contient pas de texte,single_photo,single photo,Business Suite type column,,,,,68,"Meta 'Views' on a combined IG+FB row; equals Instagram's own count in the one case checked, NOT a sum",4,,2,0,1,0,0,0,,,44.1,,combined_IG+FB,lifetime (age in age_days_at_collection),organic (no boost label seen; paid tab not opened),"combined IG+FB row: metrics cannot be split, do not add or compare to single-platform rows; subject not identified"
R110,instagram+facebook(combined),instagram+facebook,Dc5ujQmG8W7,https://www.instagram.com/reel/Dc5ujQmG8W7/,2026-09-05,21,2026-09-26,unresolved,none,,Cette publication ne contient pas de texte,short_video,reel,Business Suite type column,,,5,,959,"Meta 'Views' on a combined IG+FB row; equals Instagram's own count in the one case checked, NOT a sum",356,,6,0,1,0,1,0,3 s,,7.3,,combined_IG+FB,lifetime (age in age_days_at_collection),organic (no boost label seen; paid tab not opened),"combined IG+FB row: metrics cannot be split, do not add or compare to single-platform rows; subject not identified"
R111,facebook,facebook,meta-row-110,,2026-09-05,21,2026-09-26,nigeria-flora-shaw,text-rule,pays,"Le 8 janvier 1897, la journaliste Flora Shaw",short_video,reel,Business Suite type column,,,39,,515,Meta 'Views' (plays incl. replays; for carousels the counting unit is not documented),430,,4,0,1,1,3,,15 s,,9.7,0.73,single_platform,lifetime (age in age_days_at_collection),organic (no boost label seen; paid tab not opened),"no permalink captured; subject matched from caption text, not URL"
R112,facebook,facebook,meta-row-111,,2026-09-05,21,2026-09-26,lingala-invente-par-les-belges,text-rule,langue,La langue lingala s'est développée à partir d,short_video,reel,Business Suite type column,,,35,,871,Meta 'Views' (plays incl. replays; for carousels the counting unit is not documented),748,,8,0,3,2,0,,10 s,,12.6,1.23,single_platform,lifetime (age in age_days_at_collection),organic (no boost label seen; paid tab not opened),"no permalink captured; subject matched from caption text, not URL"
R113,facebook,facebook,meta-row-112,,2026-09-05,21,2026-09-26,afrique-province-romaine,text-rule,mot,"54 pays. 30 millions de km². Un seul nom, hér",short_video,reel,Business Suite type column,,,42,,1433,Meta 'Views' (plays incl. replays; for carousels the counting unit is not documented),1229,,14,0,2,2,0,,11 s,,11.2,2.02,single_platform,lifetime (age in age_days_at_collection),organic (no boost label seen; paid tab not opened),"no permalink captured; subject matched from caption text, not URL"
R114,facebook,facebook,meta-row-113,,2026-09-05,21,2026-09-26,operator-meta-no-subject,text-rule,,EthniAfrica a changé sa photo de profil.,single_photo,single photo,Business Suite type column,,,,,15,Meta 'Views' (plays incl. replays; for carousels the counting unit is not documented),3,,0,0,0,0,0,,,,0,1,single_platform,lifetime (age in age_days_at_collection),organic (no boost label seen; paid tab not opened),"no permalink captured; subject matched from caption text, not URL"
R115,instagram,instagram,Dc5MqPeqe5z,https://www.instagram.com/reel/Dc5MqPeqe5z/,2026-09-05,21,2026-09-26,nigeria-flora-shaw,text-rule,pays,"Le 8 janvier 1897, la journaliste Flora Shaw",short_video,reel,Business Suite type column,,,38,,617,Meta 'Views' (plays incl. replays; for carousels the counting unit is not documented),493,,7,0,2,2,3,,17 s,,14.6,0.48,single_platform,lifetime (age in age_days_at_collection),organic (no boost label seen; paid tab not opened),"subject matched from caption text, not URL"
R116,instagram,instagram,Dc5MS7Zq8GS,https://www.instagram.com/reel/Dc5MS7Zq8GS/,2026-09-05,21,2026-09-26,lingala-invente-par-les-belges,text-rule,langue,La langue lingala s'est développée à partir d,short_video,reel,Business Suite type column,,,35,,383,Meta 'Views' (plays incl. replays; for carousels the counting unit is not documented),331,,11,0,0,0,4,,13 s,,28.7,0.3,single_platform,lifetime (age in age_days_at_collection),organic (no boost label seen; paid tab not opened),"subject matched from caption text, not URL"
R117,instagram,instagram,Dc5LVjQKvxL,https://www.instagram.com/reel/Dc5LVjQKvxL/,2026-09-05,21,2026-09-26,afrique-province-romaine,text-rule,mot,"54 pays. 30 millions de km². Un seul nom, hér",short_video,reel,Business Suite type column,,,42,,407,Meta 'Views' (plays incl. replays; for carousels the counting unit is not documented),296,,12,0,1,1,6,,34 s,,31.9,0.32,single_platform,lifetime (age in age_days_at_collection),organic (no boost label seen; paid tab not opened),"subject matched from caption text, not URL"
R118,tiktok,tiktok,7689515819188997398,https://www.tiktok.com/@ethniafrica/video/7689515819188997398,2026-09-25,1,2026-09-26,frontieres-appartenance,text-rule,,"Pourquoi les pays d'Afrique ont-ils gardé leurs frontières ? La plupart ont moins de 140 ans. Les Fulbe, que d'autres ap",short_video,video,TikTok Studio item type + URL path,,,133,,34,TikTok video/photo-post views,,,1,0,0,0,1,,9,0%,29.4,0.11,single_platform,lifetime (age in age_days_at_collection),organic,"traffic split unavailable (<100 views); subject matched from caption text, not URL"
R119,tiktok,tiktok,7689496831113399574,https://www.tiktok.com/@ethniafrica/photo/7689496831113399574,2026-09-25,1,2026-09-26,griot-d-ou-vient-le-nom,ledger-url,mot,Ceux qu'on appelle griots ont leurs propres noms. Jeli ou jali chez les Mandingues. Gewel chez les Wolof. Gawlo ou maabo,carousel,photo_carousel,TikTok Studio item type + URL path,carrousel,yes,,,31,TikTok video/photo-post views,,,1,1,0,1,0,,8.75,8.3%,64.5,0.09,single_platform,lifetime (age in age_days_at_collection),organic,traffic split unavailable (<100 views)
R120,tiktok,tiktok,7689493406640377110,https://www.tiktok.com/@ethniafrica/video/7689493406640377110,2026-09-25,1,2026-09-26,manden-mande-mandingue-trois-mots,ledger-url,langue,"D'où vient le nom Mandé ? Manden, Mandé, mandingue : trois noms, trois usages.",short_video,video,TikTok Studio item type + URL path,video,yes,178,,33,TikTok video/photo-post views,,,1,0,0,0,0,,29.16,5%,30.3,0.11,single_platform,lifetime (age in age_days_at_collection),organic,traffic split unavailable (<100 views)
R121,tiktok,tiktok,7689476088501767446,https://www.tiktok.com/@ethniafrica/video/7689476088501767446,2026-09-25,1,2026-09-26,mali-quelle-histoire,ledger-url,pays,"D'où vient le nom Mali ? Le même mot, plusieurs histoires. Un empire, une ville, une fédération, une république.",short_video,video,TikTok Studio item type + URL path,video,yes,186,,328,TikTok video/photo-post views,,,17,3,1,7,5,,48.56,6.2%,64,1.08,single_platform,lifetime (age in age_days_at_collection),organic,
R122,tiktok,tiktok,7689467856752348438,https://www.tiktok.com/@ethniafrica/photo/7689467856752348438,2026-09-25,1,2026-09-26,frontieres-appartenance,text-rule,,"Voici ce qu'on croit, et ce que disent les sources. Beaucoup de frontières africaines n'ont pas été tracées pour les peu",carousel,photo_carousel,TikTok Studio item type + URL path,,,,,273,TikTok video/photo-post views,,,8,1,2,1,0,,6.88,2.1%,40.3,0.77,single_platform,lifetime (age in age_days_at_collection),organic,"subject matched from caption text, not URL"
R123,tiktok,tiktok,7689465383740378390,https://www.tiktok.com/@ethniafrica/photo/7689465383740378390,2026-09-25,1,2026-09-26,frontieres-appartenance,collector-inference,,"Des pays, des langues, des peuples, des noms de famille. Cha",carousel,photo_carousel,TikTok Studio item type + URL path,,,,,389,TikTok video/photo-post views,,,11,1,1,3,1,,7.39,3.5%,33.4,1.1,single_platform,lifetime (age in age_days_at_collection),organic,subject inferred by collector
R124,tiktok,tiktok,7688783622890933526,https://www.tiktok.com/@ethniafrica/video/7688783622890933526,2026-09-23,3,2026-09-26,pourquoi-la-meconnaissance-freine-l-afrique,ledger-url,introduction,"Pourquoi ignorer nos noms freine l'Afrique ? Voici ce qu'on croit, et ce que disent les sources.",short_video,video,TikTok Studio item type + URL path,video,yes,140,,402,TikTok video/photo-post views,,,23,0,0,10,2,,15.33,2.4%,57.2,1.33,single_platform,lifetime (age in age_days_at_collection),organic,
R125,tiktok,tiktok,7688501597739011350,https://www.tiktok.com/@ethniafrica/video/7688501597739011350,2026-09-23,3,2026-09-26,comprendre-afrique-noms,ledger-url,introduction,"Comprendre l'Afrique à travers les noms Tu connais peut-être Mali, Lingala ou Rakotomalala.",short_video,video,TikTok Studio item type + URL path,video,yes,110,,306,TikTok video/photo-post views,,,10,1,3,3,2,,16.64,3.5%,45.8,1.01,single_platform,lifetime (age in age_days_at_collection),"organic, pinned",
R126,tiktok,tiktok,7688022047796071702,https://www.tiktok.com/@ethniafrica/photo/7688022047796071702,2026-09-21,5,2026-09-26,ghana-qui-a-choisi-le-nom,ledger-url,pays,"Le nom, oui. Le lieu, non. Le nom vient d'un ancien royaume",carousel,photo_carousel,TikTok Studio item type + URL path,carrousel,yes,,,111,TikTok video/photo-post views,,,6,0,0,2,2,,13.62,1.7%,54.1,0.31,single_platform,lifetime (age in age_days_at_collection),organic,
R127,tiktok,tiktok,7688018683603471638,https://www.tiktok.com/@ethniafrica/photo/7688018683603471638,2026-09-21,5,2026-09-26,swahili-le-nom-de-la-cote,ledger-url,langue,"Son nom vient de l'arabe : sawāḥil, « côtes ». Elle a aussi",carousel,photo_carousel,TikTok Studio item type + URL path,carrousel,yes,,,86,TikTok video/photo-post views,,,4,0,0,3,1,,16.23,9%,46.5,0.24,single_platform,lifetime (age in age_days_at_collection),organic,traffic split unavailable (<100 views)
R128,tiktok,tiktok,7688013767250038038,https://www.tiktok.com/@ethniafrica/photo/7688013767250038038,2026-09-21,5,2026-09-26,ethnie-d-ou-vient-le-mot,ledger-url,mot,« Ethnie » est-il un mot inventé par la colonisation ? Pas d,carousel,photo_carousel,TikTok Studio item type + URL path,carrousel,yes,,,61,TikTok video/photo-post views,,,2,0,1,0,0,,10.04,9.1%,49.2,0.17,single_platform,lifetime (age in age_days_at_collection),organic,traffic split unavailable (<100 views)
R129,tiktok,tiktok,7687924789834534166,https://www.tiktok.com/@ethniafrica/video/7687924789834534166,2026-09-21,5,2026-09-26,mbappe-d-ou-vient-le-nom,ledger-url,patronyme,D'où vient le nom « Mbappé » ? Ce qu'o,short_video,video,TikTok Studio item type + URL path,video,yes,59,,269,TikTok video/photo-post views,,,5,2,1,2,0,,11.7,1.8%,29.7,0.89,single_platform,lifetime (age in age_days_at_collection),organic,
R130,tiktok,tiktok,7687923098712214807,https://www.tiktok.com/@ethniafrica/video/7687923098712214807,2026-09-21,5,2026-09-26,fulbe-sept-noms-un-sens-ouvert,ledger-url,peuple,D'où vient le nom « Fulbe » ? C'est le,short_video,video,TikTok Studio item type + URL path,video,yes,155,,275,TikTok video/photo-post views,,,25,0,1,3,2,,27.19,3.2%,94.5,0.91,single_platform,lifetime (age in age_days_at_collection),organic,
R131,tiktok,tiktok,7687892994271366422,https://www.tiktok.com/@ethniafrica/video/7687892994271366422,2026-09-21,5,2026-09-26,swahili-le-nom-de-la-cote,ledger-url,langue,D'où vient le nom « swahili » ? On dit,short_video,video,TikTok Studio item type + URL path,video,yes,83,,275,TikTok video/photo-post views,,,14,1,2,6,8,,23.38,6.6%,61.8,0.91,single_platform,lifetime (age in age_days_at_collection),organic,
R132,tiktok,tiktok,7687891884458446103,https://www.tiktok.com/@ethniafrica/video/7687891884458446103,2026-09-21,5,2026-09-26,ghana-qui-a-choisi-le-nom,ledger-url,pays,D'où vient le nom « Ghana » ? Trois ve,short_video,video,TikTok Studio item type + URL path,video,yes,150,,318,TikTok video/photo-post views,,,14,0,1,4,4,,40.29,4.6%,47.2,1.05,single_platform,lifetime (age in age_days_at_collection),organic,
R133,tiktok,tiktok,7687890569099578646,https://www.tiktok.com/@ethniafrica/video/7687890569099578646,2026-09-21,5,2026-09-26,goma-un-nom-sans-source,ledger-url,lieu,D'où vient le nom « Goma » ? On dit :,short_video,video,TikTok Studio item type + URL path,video,yes,138,,266,TikTok video/photo-post views,,,7,3,1,5,3,,24.66,2.2%,41.4,0.88,single_platform,lifetime (age in age_days_at_collection),organic,
R134,tiktok,tiktok,7687888641334578454,https://www.tiktok.com/@ethniafrica/video/7687888641334578454,2026-09-21,5,2026-09-26,ethnie-d-ou-vient-le-mot,ledger-url,mot,D'où vient le mot « ethnie » ? Voici c,short_video,video,TikTok Studio item type + URL path,video,yes,109,,286,TikTok video/photo-post views,,,9,1,1,5,3,,13.84,3.1%,38.5,0.95,single_platform,lifetime (age in age_days_at_collection),organic,
R135,tiktok,tiktok,7686527352473439520,https://www.tiktok.com/@ethniafrica/video/7686527352473439520,2026-09-17,9,2026-09-26,operator-meta-no-subject,text-rule,,"On ne dit pas qui a raison. On raconte les noms : ceux des peuples, des langues, des lieux, des personnes.",short_video,video,TikTok Studio item type + URL path,,,9,,299,TikTok video/photo-post views,,,7,1,0,0,0,,3.84,9%,26.8,0.99,single_platform,lifetime (age in age_days_at_collection),"organic, pinned","subject matched from caption text, not URL"
R136,tiktok,tiktok,7686271307071130902,https://www.tiktok.com/@ethniafrica/photo/7686271307071130902,2026-09-17,9,2026-09-26,nigeria-flora-shaw,ledger-url,pays,"Proposé, plutôt. Le 8 janvier 1897, da",carousel,photo_carousel,TikTok Studio item type + URL path,carrousel,yes,,,109,TikTok video/photo-post views,,,8,1,3,3,3,,17.82,10.7%,110.1,0.31,single_platform,lifetime (age in age_days_at_collection),organic,
R137,tiktok,tiktok,7686225332197657878,https://www.tiktok.com/@ethniafrica/photo/7686225332197657878,2026-09-16,10,2026-09-26,guinee-vingt-neuf-peuples,ledger-url,pays,"La Guinée, c'est vingt-neuf peuples. E",carousel,photo_carousel,TikTok Studio item type + URL path,carrousel,yes,,,167,TikTok video/photo-post views,,,15,1,1,0,2,,24.58,11%,101.8,0.47,single_platform,lifetime (age in age_days_at_collection),organic,
R138,tiktok,tiktok,7686223381418544406,https://www.tiktok.com/@ethniafrica/photo/7686223381418544406,2026-09-16,10,2026-09-26,liberia-nom-latin-libre,ledger-url,pays,"Le nom vient du latin liber, libre. On",carousel,photo_carousel,TikTok Studio item type + URL path,carrousel,yes,,,110,TikTok video/photo-post views,,,6,0,1,0,0,,6.52,1.8%,63.6,0.31,single_platform,lifetime (age in age_days_at_collection),organic,
R139,tiktok,tiktok,7686049879138864406,https://www.tiktok.com/@ethniafrica/photo/7686049879138864406,2026-09-16,10,2026-09-26,diallo-djallo-jallow,ledger-url,patronyme,"Diallo et Djallo, c'est le même nom. D",carousel,photo_carousel,TikTok Studio item type + URL path,carrousel,yes,,,254,TikTok video/photo-post views,,,13,0,4,5,4,,15.83,19.3%,66.9,0.72,single_platform,lifetime (age in age_days_at_collection),organic,
R140,tiktok,tiktok,7685976377224498434,https://www.tiktok.com/@ethniafrica/photo/7685976377224498434,2026-09-16,10,2026-09-26,cabinda-yombe-trois-conventions,ledger-url,peuple,Personne ne sait vraiment qui a nommé,carousel,photo_carousel,TikTok Studio item type + URL path,carrousel,yes,,,177,TikTok video/photo-post views,,,8,0,0,0,0,,13.34,13.3%,45.2,0.5,single_platform,lifetime (age in age_days_at_collection),organic,
R141,tiktok,tiktok,7685972245491027222,https://www.tiktok.com/@ethniafrica/photo/7685972245491027222,2026-09-16,10,2026-09-26,igbo-enwe-eze-sans-roi,ledger-url,peuple,"Au Nigeria, la plupart des villages ig",carousel,photo_carousel,TikTok Studio item type + URL path,carrousel,yes,,,127,TikTok video/photo-post views,,,8,0,1,0,1,,14.57,6.9%,70.9,0.36,single_platform,lifetime (age in age_days_at_collection),organic,
R142,tiktok,tiktok,7685967454413098262,https://www.tiktok.com/@ethniafrica/photo/7685967454413098262,2026-09-16,10,2026-09-26,cameroun-le-continent,ledger-url,pays,On appelle le Cameroun « le Continent,carousel,photo_carousel,TikTok Studio item type + URL path,carrousel,yes,,,549,TikTok video/photo-post views,,,27,0,3,5,3,,22.83,20.1%,54.6,1.55,single_platform,lifetime (age in age_days_at_collection),organic,
R143,tiktok,tiktok,7685966237544828182,https://www.tiktok.com/@ethniafrica/photo/7685966237544828182,2026-09-16,10,2026-09-26,rastafari-ras-tafari,ledger-url,peuple,« Rastafari » n'est pas un mot jamaïca,carousel,photo_carousel,TikTok Studio item type + URL path,carrousel,yes,,,796,TikTok video/photo-post views,,,62,2,9,17,8,,20.48,20.5%,91.7,2.25,single_platform,lifetime (age in age_days_at_collection),organic,
R144,tiktok,tiktok,7685962182923767062,https://www.tiktok.com/@ethniafrica/photo/7685962182923767062,2026-09-16,10,2026-09-26,lingala-invente-par-les-belges,ledger-url,langue,"Le lingala, une langue inventée par les Belges ? Pas vraiment. Avant eux, il y avait déjà une langue de fleuve : le boba",carousel,photo_carousel,TikTok Studio item type + URL path,carrousel,yes,,,25544,TikTok video/photo-post views,,,1194,91,235,763,167,,23,15.4%,59.5,72.16,single_platform,lifetime (age in age_days_at_collection),organic,
R145,tiktok,tiktok,7685531757302549782,https://www.tiktok.com/@ethniafrica/video/7685531757302549782,2026-09-15,11,2026-09-26,cote-divoire-bouet-willaumez,ledger-url,pays,Bouët-Willaumez a-t-il inventé la Côte,short_video,video,TikTok Studio item type + URL path,video,yes,114,,1358,TikTok video/photo-post views,,,52,2,58,21,15,,37.23,8%,82.5,4.49,single_platform,lifetime (age in age_days_at_collection),organic,
R146,tiktok,tiktok,7685444060886093078,https://www.tiktok.com/@ethniafrica/video/7685444060886093078,2026-09-14,12,2026-09-26,fulbe-personne-appele-comme-ca,ledger-url,peuple,Quatre noms pour un peuple. Aucun ne v,short_video,video,TikTok Studio item type + URL path,video,yes,98,,465,TikTok video/photo-post views,,,25,3,0,5,4,,16.46,3.3%,60.2,1.54,single_platform,lifetime (age in age_days_at_collection),organic,
R147,tiktok,tiktok,7685440978597055766,https://www.tiktok.com/@ethniafrica/photo/7685440978597055766,2026-09-14,12,2026-09-26,daloa-zokou-gbeuly,ledger-url,lieu,"Tu connais Daloa, en Côte d'Ivoire ? S",carousel,photo_carousel,TikTok Studio item type + URL path,carrousel,yes,,,2733,TikTok video/photo-post views,,,138,18,21,49,25,,25.86,17.3%,64.8,7.72,single_platform,lifetime (age in age_days_at_collection),organic,
R148,tiktok,tiktok,7685437746491542806,https://www.tiktok.com/@ethniafrica/photo/7685437746491542806,2026-09-14,12,2026-09-26,senoufo-syenambele,ledger-url,peuple,"Chez les Sénoufo, en Côte d'Ivoire, le",carousel,photo_carousel,TikTok Studio item type + URL path,carrousel,yes,,,1412,TikTok video/photo-post views,,,105,3,9,37,9,,20.33,21.8%,82.9,3.99,single_platform,lifetime (age in age_days_at_collection),organic,
R149,tiktok,tiktok,7685354452248890626,https://www.tiktok.com/@ethniafrica/photo/7685354452248890626,2026-09-14,12,2026-09-26,krio-quatre-vagues-freetown,ledger-url,peuple,"À Freetown, quatre vagues de déportés",carousel,photo_carousel,TikTok Studio item type + URL path,carrousel,yes,,,1044,TikTok video/photo-post views,,,121,0,11,28,2,,19.3,17.5%,126.4,2.95,single_platform,lifetime (age in age_days_at_collection),organic,
R150,tiktok,tiktok,7685334903814180118,https://www.tiktok.com/@ethniafrica/video/7685334903814180118,2026-09-14,12,2026-09-26,nzema-appolo-frontiere,ledger-url,peuple,"Au Ghana et en Côte d'Ivoire, un peupl",short_video,video,TikTok Studio item type + URL path,video,yes,48,,454,TikTok video/photo-post views,,,32,2,7,6,4,,14.23,5.6%,90.3,1.5,single_platform,lifetime (age in age_days_at_collection),organic,
R151,tiktok,tiktok,7684964441703582998,https://www.tiktok.com/@ethniafrica/video/7684964441703582998,2026-09-13,13,2026-09-26,operator-meta-no-subject,text-rule,,"Tu connais ton peuple mieux que nous. Si on s'est trompés sur lui, dis-le en commentaire ou en DM : on vérifie, puis on",short_video,video,TikTok Studio item type + URL path,,,9,,332,TikTok video/photo-post views,,,6,1,1,0,1,,5.18,13%,24.1,1.1,single_platform,lifetime (age in age_days_at_collection),"organic, pinned","subject matched from caption text, not URL"
R152,tiktok,tiktok,7684713962822176022,https://www.tiktok.com/@ethniafrica/video/7684713962822176022,2026-09-12,14,2026-09-26,zombie-mot-bantou,ledger-url,mot,,short_video,video,TikTok Studio item type + URL path,video,yes,66,,100,TikTok video/photo-post views,,,5,0,0,0,1,,12.88,4.7%,50,0.33,single_platform,lifetime (age in age_days_at_collection),organic,caption not captured
R153,tiktok,tiktok,7684710053743430934,https://www.tiktok.com/@ethniafrica/video/7684710053743430934,2026-09-12,14,2026-09-26,keita-coulibaly-obligations-alliance,ledger-url,patronyme,,short_video,video,TikTok Studio item type + URL path,video,yes,47,,178,TikTok video/photo-post views,,,5,0,2,1,1,,14.92,5%,39.3,0.59,single_platform,lifetime (age in age_days_at_collection),organic,caption not captured
R154,tiktok,tiktok,7684706882673528086,https://www.tiktok.com/@ethniafrica/video/7684706882673528086,2026-09-12,14,2026-09-26,vodun-mot-fon-esprit,ledger-url,mot,,short_video,video,TikTok Studio item type + URL path,video,yes,57,,101,TikTok video/photo-post views,,,5,1,0,1,2,,14.92,2.8%,59.4,0.33,single_platform,lifetime (age in age_days_at_collection),organic,caption not captured
R155,tiktok,tiktok,7684702208629198083,https://www.tiktok.com/@ethniafrica/video/7684702208629198083,2026-09-12,14,2026-09-26,nzebi-muyambili-memoire,ledger-url,peuple,,short_video,video,TikTok Studio item type + URL path,video,yes,52,,87,TikTok video/photo-post views,,,4,0,0,1,1,,11.37,5.5%,46,0.29,single_platform,lifetime (age in age_days_at_collection),organic,traffic split unavailable (<100 views); caption not captured
R156,tiktok,tiktok,7684695856146042134,https://www.tiktok.com/@ethniafrica/video/7684695856146042134,2026-09-12,14,2026-09-26,duala-peuple-avant-la-ville,ledger-url,peuple,,short_video,video,TikTok Studio item type + URL path,video,yes,46,,479,TikTok video/photo-post views,,,23,0,7,4,3,,14.43,5.3%,62.6,1.58,single_platform,lifetime (age in age_days_at_collection),organic,caption not captured
R157,tiktok,tiktok,7684693876015418627,https://www.tiktok.com/@ethniafrica/photo/7684693876015418627,2026-09-12,14,2026-09-26,dioula-un-metier-une-langue-une-identite,ledger-url,peuple,,carousel,photo_carousel,TikTok Studio item type + URL path,carrousel,yes,,,11716,TikTok video/photo-post views,,,633,23,84,249,66,,21.22,23.4%,63.2,33.1,single_platform,lifetime (age in age_days_at_collection),organic,caption not captured
R158,tiktok,tiktok,7684690245262101782,https://www.tiktok.com/@ethniafrica/photo/7684690245262101782,2026-09-12,14,2026-09-26,amazigh-berbere-deux-noms,ledger-url,langue,"Au Maroc et en Algérie, « Amazigh » ne",carousel,photo_carousel,TikTok Studio item type + URL path,carrousel,yes,,,718,TikTok video/photo-post views,,,25,2,2,11,2,,19.76,10.6%,40.4,2.03,single_platform,lifetime (age in age_days_at_collection),organic,
R159,tiktok,tiktok,7684685493895793942,https://www.tiktok.com/@ethniafrica/photo/7684685493895793942,2026-09-12,14,2026-09-26,agni-anyi-meme-peuple,ledger-url,peuple,"#agni #ashanti #ghana #cotedivoire (caption begins with hashtags; page title: Agni et Anyi : même peuple, deux orthograp",carousel,photo_carousel,TikTok Studio item type + URL path,carrousel,yes,,,3834,TikTok video/photo-post views,,,243,8,11,49,32,,18.74,25.4%,68.3,10.83,single_platform,lifetime (age in age_days_at_collection),organic,
R160,tiktok,tiktok,7684680368108375298,https://www.tiktok.com/@ethniafrica/video/7684680368108375298,2026-09-12,14,2026-09-26,mami-wata-nom-anglais,ledger-url,mot,"Au Bénin comme au Cameroun, Mami Wata",short_video,video,TikTok Studio item type + URL path,video,yes,63,,427,TikTok video/photo-post views,,,20,1,2,1,6,,15.88,5.8%,53.9,1.41,single_platform,lifetime (age in age_days_at_collection),organic,
R161,tiktok,tiktok,7684676051934383382,https://www.tiktok.com/@ethniafrica/video/7684676051934383382,2026-09-12,14,2026-09-26,krou-pas-lequipage,ledger-url,langue,« Krou » ne vient pas de l'anglais cre,short_video,video,TikTok Studio item type + URL path,video,yes,90,,1309,TikTok video/photo-post views,,,85,1,21,28,12,,28.19,7%,81.7,4.33,single_platform,lifetime (age in age_days_at_collection),organic,
R162,tiktok,tiktok,7684292259612773654,https://www.tiktok.com/@ethniafrica/photo/7684292259612773654,2026-09-11,15,2026-09-26,bantou-ntu-ba-prefixe,ledger-url,mot,#bantou #zoulou #kongo #afrique #ethni (hashtag-only start),carousel,photo_carousel,TikTok Studio item type + URL path,carrousel,yes,,,109,TikTok video/photo-post views,,,5,0,0,0,1,,20.89,11.6%,45.9,0.31,single_platform,lifetime (age in age_days_at_collection),organic,
R163,tiktok,tiktok,7684291051401661718,https://www.tiktok.com/@ethniafrica/photo/7684291051401661718,2026-09-11,15,2026-09-26,keita-coulibaly-obligations-alliance,ledger-url,patronyme,#mali #keita #coulibaly #ethniafrica (hashtag-only start),carousel,photo_carousel,TikTok Studio item type + URL path,carrousel,yes,,,181,TikTok video/photo-post views,,,14,0,0,2,0,,16.12,33.7%,77.3,0.51,single_platform,lifetime (age in age_days_at_collection),organic,
R164,tiktok,tiktok,7684287670910012694,https://www.tiktok.com/@ethniafrica/photo/7684287670910012694,2026-09-11,15,2026-09-26,kouyate-jeli,ledger-url,patronyme,#mali #afrique #nomdefamille #ethniafr (hashtag-only start),carousel,photo_carousel,TikTok Studio item type + URL path,carrousel,yes,,,133,TikTok video/photo-post views,,,10,0,0,1,1,,19.88,29.6%,75.2,0.38,single_platform,lifetime (age in age_days_at_collection),organic,
R165,tiktok,tiktok,7684285907590991126,https://www.tiktok.com/@ethniafrica/photo/7684285907590991126,2026-09-11,15,2026-09-26,benin-royaume-jamais-au-benin,ledger-url,pays,#benin #nigeria #afrique #ethniafrica (hashtag-only start),carousel,photo_carousel,TikTok Studio item type + URL path,carrousel,yes,,,378,TikTok video/photo-post views,,,23,0,0,4,1,,14.5,15.6%,60.8,1.07,single_platform,lifetime (age in age_days_at_collection),organic,
R166,tiktok,tiktok,7684283952235908374,https://www.tiktok.com/@ethniafrica/photo/7684283952235908374,2026-09-11,15,2026-09-26,noms-de-metier-dioula-teke,ledger-url,mot,afrique #dioula #teke #ethniafrica (hashtag-only start),carousel,photo_carousel,TikTok Studio item type + URL path,carrousel,yes,,,354,TikTok video/photo-post views,,,9,0,0,2,0,,13.81,14.1%,25.4,1,single_platform,lifetime (age in age_days_at_collection),organic,
R167,tiktok,tiktok,7684282290012261654,https://www.tiktok.com/@ethniafrica/photo/7684282290012261654,2026-09-11,15,2026-09-26,diaspora-noms-repris-saamaka,ledger-url,mot,afrodescendants #suriname #belize #eth (hashtag-only start),carousel,photo_carousel,TikTok Studio item type + URL path,carrousel,yes,,,596,TikTok video/photo-post views,,,30,0,2,8,3,,18.94,15.1%,53.7,1.68,single_platform,lifetime (age in age_days_at_collection),organic,
R168,tiktok,tiktok,7684276118811086102,https://www.tiktok.com/@ethniafrica/photo/7684276118811086102,2026-09-11,15,2026-09-26,exonymes-hottentot-kirdi-dogon,ledger-url,mot,afrique #exonyme #dogon #ethniafrica (hashtag-only start),carousel,photo_carousel,TikTok Studio item type + URL path,carrousel,yes,,,325,TikTok video/photo-post views,,,6,0,0,1,1,,10.71,5.7%,18.5,0.92,single_platform,lifetime (age in age_days_at_collection),organic,
R169,tiktok,tiktok,7684273739822796054,https://www.tiktok.com/@ethniafrica/photo/7684273739822796054,2026-09-11,15,2026-09-26,toponymie-villes-montagnes-fantomes,ledger-url,mot,afrique #brazzaville #kinshasa #ethnia (hashtag-only start),carousel,photo_carousel,TikTok Studio item type + URL path,carrousel,yes,,,329,TikTok video/photo-post views,,,25,0,0,7,1,,16.43,19.9%,76,0.93,single_platform,lifetime (age in age_days_at_collection),organic,
R170,tiktok,tiktok,7684269804156423446,https://www.tiktok.com/@ethniafrica/photo/7684269804156423446,2026-09-11,15,2026-09-26,fulbe-personne-appele-comme-ca,ledger-url,peuple,#peul #fulbe #mali #ethniafrica #guiné (hashtag-only start),carousel,photo_carousel,TikTok Studio item type + URL path,carrousel,yes,,,2131,TikTok video/photo-post views,,,117,6,1,25,18,,23.13,29.1%,58.2,6.02,single_platform,lifetime (age in age_days_at_collection),organic,
R171,tiktok,tiktok,7683299322309496086,https://www.tiktok.com/@ethniafrica/video/7683299322309496086,2026-09-09,17,2026-09-26,senegal-notre-pirogue,ledger-url,pays,Le Sénégal signifie-t-il vraiment « no,short_video,video,TikTok Studio item type + URL path,video,yes,35,,377,TikTok video/photo-post views,,,21,0,0,4,3,,7.54,2.6%,55.7,1.25,single_platform,lifetime (age in age_days_at_collection),organic,
R172,tiktok,tiktok,7683294371663465750,https://www.tiktok.com/@ethniafrica/video/7683294371663465750,2026-09-09,17,2026-09-26,ghana-empire-jamais-sur-son-territoire,ledger-url,pays,Le Ghana porte le nom d'un empire qui,short_video,video,TikTok Studio item type + URL path,video,yes,35,,418,TikTok video/photo-post views,,,17,0,3,4,5,,12.67,9.1%,47.8,1.38,single_platform,lifetime (age in age_days_at_collection),organic,
R173,tiktok,tiktok,7682874075513130262,https://www.tiktok.com/@ethniafrica/photo/7682874075513130262,2026-09-07,19,2026-09-26,bantou-mot-de-linguiste-allemand,ledger-url,mot,« Bantou » n'est pas le nom d'un peupl,carousel,photo_carousel,TikTok Studio item type + URL path,carrousel,yes,,,427,TikTok video/photo-post views,,,10,0,0,1,0,,2.18,13.2%,23.4,1.21,single_platform,lifetime (age in age_days_at_collection),organic,
R174,tiktok,tiktok,7682868314187648278,https://www.tiktok.com/@ethniafrica/video/7682868314187648278,2026-09-07,19,2026-09-26,bantou-mot-de-linguiste-allemand,ledger-url,mot,« Bantou » n'est pas le nom d'un peupl,short_video,video,TikTok Studio item type + URL path,video,yes,35,,394,TikTok video/photo-post views,,,6,0,2,0,0,,3.95,1.5%,20.3,1.3,single_platform,lifetime (age in age_days_at_collection),organic,
R175,tiktok,tiktok,7682865174155496726,https://www.tiktok.com/@ethniafrica/video/7682865174155496726,2026-09-07,19,2026-09-26,cameroun-crevette,ledger-url,pays,Le Cameroun porte le nom d'une crevett,short_video,video,TikTok Studio item type + URL path,video,yes,35,,426,TikTok video/photo-post views,,,12,0,0,2,9,,4.41,1.6%,28.2,1.41,single_platform,lifetime (age in age_days_at_collection),organic,
R176,tiktok,tiktok,7682862732017716502,https://www.tiktok.com/@ethniafrica/video/7682862732017716502,2026-09-07,19,2026-09-26,mercator-afrique-petite,ledger-url,mot,164 pays ont voté pour corriger la carte du monde. Un seul a voté contre. Tu sais pourquoi l'Afrique paraît si petite su,short_video,video,TikTok Studio item type + URL path,video,yes,58,,412,TikTok video/photo-post views,,,12,0,0,1,0,,6.08,2.1%,29.1,1.36,single_platform,lifetime (age in age_days_at_collection),organic,
R177,tiktok,tiktok,7682860953662262550,https://www.tiktok.com/@ethniafrica/photo/7682860953662262550,2026-09-07,19,2026-09-26,lingala-invente-par-les-belges,ledger-url,langue,Le lingala a-t-il été inventé par des,carousel,photo_carousel,TikTok Studio item type + URL path,video,NO,,,403,TikTok video/photo-post views,,,8,0,0,1,0,,4.17,19.5%,19.9,1.14,single_platform,lifetime (age in age_days_at_collection),organic,LEDGER FORMAT MISMATCH: ledger=video live=photo_carousel
R178,tiktok,tiktok,7682859579872529686,https://www.tiktok.com/@ethniafrica/photo/7682859579872529686,2026-09-07,19,2026-09-26,afrique-province-romaine,ledger-url,mot,Trente millions de kilomètres carrés.,carousel,photo_carousel,TikTok Studio item type + URL path,carrousel,yes,,,414,TikTok video/photo-post views,,,5,0,0,0,0,,2.92,16.7%,12.1,1.17,single_platform,lifetime (age in age_days_at_collection),organic,
R179,tiktok,tiktok,7681993509959699734,https://www.tiktok.com/@ethniafrica/video/7681993509959699734,2026-09-05,21,2026-09-26,brand-intro-no-subject,text-rule,,"EthniAfrica, c'est quoi ? Un atlas éditorial en français consacré aux",short_video,video,TikTok Studio item type + URL path,,,5,,28,TikTok video/photo-post views,,,5,0,0,0,1,,1.53,6.7%,178.6,0.09,single_platform,lifetime (age in age_days_at_collection),organic,"traffic split unavailable (<100 views); subject matched from caption text, not URL"
R180,tiktok,tiktok,7681920972634459414,https://www.tiktok.com/@ethniafrica/video/7681920972634459414,2026-09-05,21,2026-09-26,nigeria-flora-shaw,ledger-url,pays,"Le nom ""Nigeria"" a été proposé par une journaliste, dans un journ",short_video,video,TikTok Studio item type + URL path,video,yes,38,,24,TikTok video/photo-post views,,,3,0,0,0,0,,7.2,0%,125,0.08,single_platform,lifetime (age in age_days_at_collection),organic,traffic split unavailable (<100 views)
R181,tiktok,tiktok,7681920917378829590,https://www.tiktok.com/@ethniafrica/video/7681920917378829590,2026-09-05,21,2026-09-26,lingala-invente-par-les-belges,ledger-url,langue,"Le nom ""lingala"" a été inventé par les Belges ? Pas si simple…",short_video,video,TikTok Studio item type + URL path,video,yes,35,,24,TikTok video/photo-post views,,,3,0,0,0,0,,15.08,8%,125,0.08,single_platform,lifetime (age in age_days_at_collection),organic,traffic split unavailable (<100 views)
R182,tiktok,tiktok,7681920927034100995,https://www.tiktok.com/@ethniafrica/video/7681920927034100995,2026-09-05,21,2026-09-26,afrique-province-romaine,ledger-url,mot,"Le nom ""Afrique"" ne désignait au départ qu'une seule province romaine. Comment un peuple a fini par nommer tout un conti",short_video,video,TikTok Studio item type + URL path,video,yes,42,,24,TikTok video/photo-post views,,,3,0,0,0,2,,10.75,7.1%,125,0.08,single_platform,lifetime (age in age_days_at_collection),organic,traffic split unavailable (<100 views)
R183,youtube,youtube,sA3Sy8MAae4,https://www.youtube.com/shorts/sA3Sy8MAae4,2026-09-25,1,2026-09-26,frontieres-appartenance,text-rule,,Pourquoi les pays d'Afrique ont-ils gardé leurs frontières ?,short_video,Short,YouTube Studio content type,,,133,,1171,YouTube views (Shorts: start of play/swipe-in),,39,24,1,9,,7,,68,51.2%,29,2.2,single_platform,lifetime (age in age_days_at_collection),organic,thumbnail impressions/CTR not meaningful for Shorts feed
R184,youtube,youtube,bqpj5UiwGJ8,https://www.youtube.com/shorts/bqpj5UiwGJ8,2026-09-25,1,2026-09-26,manden-mande-mandingue-trois-mots,ledger-url,langue,D'où vient le nom Mandé ?,short_video,Short,YouTube Studio content type,video,yes,179,,282,YouTube views (Shorts: start of play/swipe-in),,32,5,1,1,,1,,74,41.7%,24.8,0.53,single_platform,lifetime (age in age_days_at_collection),organic,thumbnail impressions/CTR not meaningful for Shorts feed
R185,youtube,youtube,A99ETtxdxiU,https://www.youtube.com/watch?v=A99ETtxdxiU,2026-09-25,1,2026-09-26,mali-quelle-histoire,ledger-url,pays,D'où vient le nom Mali ? #ethniafrica,standard_video,"standard video (3:07, non-Short)",YouTube Studio content type,video,yes,187,,5,YouTube views (Shorts: start of play/swipe-in),,146,0,1,0,,,,108,58.2%,200,1,single_platform,lifetime (age in age_days_at_collection),organic,thumbnail impressions/CTR not meaningful for Shorts feed
R186,youtube,youtube,Jrts8VGjaPo,https://www.youtube.com/shorts/Jrts8VGjaPo,2026-09-23,3,2026-09-26,pourquoi-la-meconnaissance-freine-l-afrique,ledger-url,introduction,Pourquoi ignorer nos noms freine l'Afrique ? #ethniafrica,short_video,Short,YouTube Studio content type,video,yes,141,,859,YouTube views (Shorts: start of play/swipe-in),,51,16,0,8,,6,,60,42.7%,27.9,1.62,single_platform,lifetime (age in age_days_at_collection),organic,thumbnail impressions/CTR not meaningful for Shorts feed
R187,youtube,youtube,tcmstnubVjE,https://www.youtube.com/shorts/tcmstnubVjE,2026-09-23,3,2026-09-26,comprendre-afrique-noms,ledger-url,introduction,Comprendre l'Afrique à travers les noms,short_video,Short,YouTube Studio content type,video,yes,110,,570,YouTube views (Shorts: start of play/swipe-in),,166,18,1,10,,7,,56,51.7%,50.9,1.07,single_platform,lifetime (age in age_days_at_collection),organic,thumbnail impressions/CTR not meaningful for Shorts feed
R188,youtube,youtube,qezquq7jUqE,https://www.youtube.com/shorts/qezquq7jUqE,2026-09-21,5,2026-09-26,mbappe-d-ou-vient-le-nom,ledger-url,patronyme,D'où vient le nom « Mbappé » ? #ethniafrica,short_video,Short,YouTube Studio content type,video,yes,59,,453,YouTube views (Shorts: start of play/swipe-in),,63,5,1,0,,2,,26,45.1%,13.2,0.85,single_platform,lifetime (age in age_days_at_collection),organic,thumbnail impressions/CTR not meaningful for Shorts feed
R189,youtube,youtube,7nfhkaR1eUw,https://www.youtube.com/shorts/7nfhkaR1eUw,2026-09-21,5,2026-09-26,fulbe-sept-noms-un-sens-ouvert,ledger-url,peuple,D'où vient le nom « Fulbe » ? #EthniAfrica,short_video,Short,YouTube Studio content type,video,yes,156,,166,YouTube views (Shorts: start of play/swipe-in),,144,7,1,2,,5,,54,34.7%,60.2,0.31,single_platform,lifetime (age in age_days_at_collection),organic,thumbnail impressions/CTR not meaningful for Shorts feed
R190,youtube,youtube,_m_lmj2dgAI,https://www.youtube.com/shorts/_m_lmj2dgAI,2026-09-21,5,2026-09-26,swahili-le-nom-de-la-cote,ledger-url,langue,D'où vient le nom « swahili » ?,short_video,Short,YouTube Studio content type,video,yes,84,,248,YouTube views (Shorts: start of play/swipe-in),,137,3,2,0,,1,,63,75.9%,20.2,0.47,single_platform,lifetime (age in age_days_at_collection),organic,thumbnail impressions/CTR not meaningful for Shorts feed
R191,youtube,youtube,gjLIHxREip0,https://www.youtube.com/shorts/gjLIHxREip0,2026-09-21,5,2026-09-26,goma-un-nom-sans-source,ledger-url,lieu,D'où vient le nom « Goma » ? #ethniafrica,short_video,Short,YouTube Studio content type,video,yes,138,,77,YouTube views (Shorts: start of play/swipe-in),,79,2,1,0,,0,,52,38.1%,39,0.14,single_platform,lifetime (age in age_days_at_collection),organic,thumbnail impressions/CTR not meaningful for Shorts feed
R192,youtube,youtube,-6qrkZ2jMQU,https://www.youtube.com/shorts/-6qrkZ2jMQU,2026-09-21,5,2026-09-26,ethnie-d-ou-vient-le-mot,ledger-url,mot,D'où vient le mot « ethnie » ? #ethniafrica,short_video,Short,YouTube Studio content type,video,yes,109,,127,YouTube views (Shorts: start of play/swipe-in),,89,5,2,0,,1,,54,49.8%,55.1,0.24,single_platform,lifetime (age in age_days_at_collection),organic,thumbnail impressions/CTR not meaningful for Shorts feed
R193,youtube,youtube,vESK91smqxQ,https://www.youtube.com/shorts/vESK91smqxQ,2026-09-16,10,2026-09-26,manden-mande-mandingue-trois-mots,ledger-url,langue,"Au Mali, en Guinée et au Sénégal, « Mandé » n'est le nom propre d'aucun peuple. #ethniafrica",short_video,Short,YouTube Studio content type,video,yes,122,,1632,YouTube views (Shorts: start of play/swipe-in),,1661,43,1,26,,25,,80,66.4%,42.9,3.07,single_platform,lifetime (age in age_days_at_collection),organic,thumbnail impressions/CTR not meaningful for Shorts feed
R194,youtube,youtube,jsHu0bzx0DQ,https://www.youtube.com/shorts/jsHu0bzx0DQ,2026-09-16,10,2026-09-26,mungo-park-fleuve-joliba,ledger-url,mot,Mungo Park a-t-il découvert le fleuve Niger ? #ethniafrica,short_video,Short,YouTube Studio content type,video,yes,152,,1077,YouTube views (Shorts: start of play/swipe-in),,486,30,0,14,,10,,112,73.9%,40.9,2.03,single_platform,lifetime (age in age_days_at_collection),organic,thumbnail impressions/CTR not meaningful for Shorts feed
R195,youtube,youtube,9cUREZbgI5k,https://www.youtube.com/shorts/9cUREZbgI5k,2026-09-15,11,2026-09-26,cote-divoire-bouet-willaumez,ledger-url,pays,Le commandant Bouët-Willaumez a-t-il inventé la Côte d'Ivoire ? #ethniafrica,short_video,Short,YouTube Studio content type,video,yes,114,,321,YouTube views (Shorts: start of play/swipe-in),,416,7,0,0,,3,,97,85.9%,21.8,0.6,single_platform,lifetime (age in age_days_at_collection),organic,thumbnail impressions/CTR not meaningful for Shorts feed
R196,youtube,youtube,_znLd1YO_iU,https://www.youtube.com/shorts/_znLd1YO_iU,2026-09-14,12,2026-09-26,fulbe-personne-appele-comme-ca,ledger-url,peuple,Fulbe,short_video,Short,YouTube Studio content type,video,yes,98,,493,YouTube views (Shorts: start of play/swipe-in),,242,22,0,5,,8,,60,61.6%,54.8,0.93,single_platform,lifetime (age in age_days_at_collection),organic,thumbnail impressions/CTR not meaningful for Shorts feed
R197,youtube,youtube,L7EXNupLWds,https://www.youtube.com/shorts/L7EXNupLWds,2026-09-14,12,2026-09-26,nzema-appolo-frontiere,ledger-url,peuple,"En Côte d'Ivoire et au Ghana, on les appelle Appolo, du nom d'une sainte. Eux se disent Nzema.",short_video,Short,YouTube Studio content type,video,yes,48,,1261,YouTube views (Shorts: start of play/swipe-in),,254,28,1,3,,11,,29,60.8%,25.4,2.37,single_platform,lifetime (age in age_days_at_collection),organic,thumbnail impressions/CTR not meaningful for Shorts feed
R198,youtube,youtube,OQSu4O9TjN4,https://www.youtube.com/shorts/OQSu4O9TjN4,2026-09-12,14,2026-09-26,zombie-mot-bantou,ledger-url,mot,"Le premier film de zombies est américain. Le mot, lui, est bantou. #ethniafrica",short_video,Short,YouTube Studio content type,video,yes,66,,294,YouTube views (Shorts: start of play/swipe-in),,196,9,0,0,,2,,138,210.3%,30.6,0.55,single_platform,lifetime (age in age_days_at_collection),organic,thumbnail impressions/CTR not meaningful for Shorts feed
R199,youtube,youtube,-odrM5cp9jc,https://www.youtube.com/shorts/-odrM5cp9jc,2026-09-12,14,2026-09-26,keita-coulibaly-obligations-alliance,ledger-url,patronyme,"Au Mali, un Keïta et un Coulibaly n'ont pas le droit de se fâcher. #afrique",short_video,Short,YouTube Studio content type,video,yes,48,,1406,YouTube views (Shorts: start of play/swipe-in),,596,37,0,1,,8,,26,55.5%,27,2.65,single_platform,lifetime (age in age_days_at_collection),organic,thumbnail impressions/CTR not meaningful for Shorts feed
R200,youtube,youtube,9tqCwDKE4fw,https://www.youtube.com/shorts/9tqCwDKE4fw,2026-09-12,14,2026-09-26,vodun-mot-fon-esprit,ledger-url,mot,"Au Bénin, vodun veut dire esprit. Haïti a gardé le mot. #ethniafrica",short_video,Short,YouTube Studio content type,video,yes,57,,492,YouTube views (Shorts: start of play/swipe-in),,214,12,0,2,,6,,35,62.6%,28.5,0.93,single_platform,lifetime (age in age_days_at_collection),organic,thumbnail impressions/CTR not meaningful for Shorts feed
R201,youtube,youtube,1NUTL_-6t2w,https://www.youtube.com/shorts/1NUTL_-6t2w,2026-09-12,14,2026-09-26,nzebi-muyambili-memoire,ledger-url,peuple,"Au Gabon, un homme retenait par cœur l'histoire de tous les clans nzebi. #afrique",short_video,Short,YouTube Studio content type,video,yes,52,,738,YouTube views (Shorts: start of play/swipe-in),,384,12,0,2,,4,,36,69.7%,19,1.39,single_platform,lifetime (age in age_days_at_collection),organic,thumbnail impressions/CTR not meaningful for Shorts feed
R202,youtube,youtube,HUBAIkOPKTE,https://www.youtube.com/shorts/HUBAIkOPKTE,2026-09-12,14,2026-09-26,duala-peuple-avant-la-ville,ledger-url,peuple,"Au Cameroun, Douala est le nom d'un peuple avant d'être celui d'une ville #afrique",short_video,Short,YouTube Studio content type,video,yes,47,,656,YouTube views (Shorts: start of play/swipe-in),,347,10,0,1,,3,,26,56.8%,16.8,1.23,single_platform,lifetime (age in age_days_at_collection),organic,thumbnail impressions/CTR not meaningful for Shorts feed
R203,youtube,youtube,-M7cqgteHj0,https://www.youtube.com/shorts/-M7cqgteHj0,2026-09-12,14,2026-09-26,mami-wata-nom-anglais,ledger-url,mot,"Au Bénin comme au Cameroun, Mami Wata porte un nom anglais. #ethniafrica",short_video,Short,YouTube Studio content type,video,yes,63,,959,YouTube views (Shorts: start of play/swipe-in),,248,18,0,1,,4,,39,63.1%,19.8,1.8,single_platform,lifetime (age in age_days_at_collection),organic,thumbnail impressions/CTR not meaningful for Shorts feed
R204,youtube,youtube,AMorrZSdH18,https://www.youtube.com/shorts/AMorrZSdH18,2026-09-12,14,2026-09-26,krou-pas-lequipage,ledger-url,langue,"En Côte d'Ivoire, « Krou » ne vient pas de l'anglais crew. #afrique",short_video,Short,YouTube Studio content type,video,yes,90,,169,YouTube views (Shorts: start of play/swipe-in),,129,2,0,0,,1,,67,75.1%,11.8,0.32,single_platform,lifetime (age in age_days_at_collection),organic,thumbnail impressions/CTR not meaningful for Shorts feed
R205,youtube,youtube,x__i8o-IOvM,https://www.youtube.com/shorts/x__i8o-IOvM,2026-09-09,17,2026-09-26,senegal-notre-pirogue,ledger-url,pays,"Le nom du Sénégal vient-il de sunu gaal, « notre pirogue » en wolof ?",short_video,Short,YouTube Studio content type,video,yes,35,,1243,YouTube views (Shorts: start of play/swipe-in),,336,25,0,2,,7,,22,64.7%,21.7,2.34,single_platform,lifetime (age in age_days_at_collection),organic,thumbnail impressions/CTR not meaningful for Shorts feed
R206,youtube,youtube,T73Pg93_6_E,https://www.youtube.com/shorts/T73Pg93_6_E,2026-09-09,17,2026-09-26,ghana-empire-jamais-sur-son-territoire,ledger-url,pays,Le Ghana porte le nom d'un empire qui n'était pas là.,short_video,Short,YouTube Studio content type,video,yes,35,,1518,YouTube views (Shorts: start of play/swipe-in),,323,26,0,7,,11,,33,96.4%,21.7,2.86,single_platform,lifetime (age in age_days_at_collection),organic,thumbnail impressions/CTR not meaningful for Shorts feed
R207,youtube,youtube,TqwCu6Rf3QY,https://www.youtube.com/shorts/TqwCu6Rf3QY,2026-09-07,19,2026-09-26,mercator-afrique-petite,ledger-url,mot,164 voix pour. Une seule contre : les États-Unis.,short_video,Short,YouTube Studio content type,video,yes,58,,169,YouTube views (Shorts: start of play/swipe-in),,106,2,0,2,,2,,35,61.7%,23.7,0.32,single_platform,lifetime (age in age_days_at_collection),organic,thumbnail impressions/CTR not meaningful for Shorts feed
R208,youtube,youtube,rUF0su2g918,https://www.youtube.com/shorts/rUF0su2g918,2026-09-07,19,2026-09-26,bantou-mot-de-linguiste-allemand,ledger-url,mot,« Bantou » n'est pas le nom d'une ethnie. #afrique,short_video,Short,YouTube Studio content type,video,yes,35,,474,YouTube views (Shorts: start of play/swipe-in),,161,7,0,1,,2,,22,63.2%,16.9,0.89,single_platform,lifetime (age in age_days_at_collection),organic,thumbnail impressions/CTR not meaningful for Shorts feed
R209,youtube,youtube,_Q1E23vO78A,https://www.youtube.com/shorts/_Q1E23vO78A,2026-09-07,19,2026-09-26,cameroun-crevette,ledger-url,pays,Le Cameroun porte le nom d'une crevette #afrique #ethniafrica,short_video,Short,YouTube Studio content type,video,yes,36,,460,YouTube views (Shorts: start of play/swipe-in),,210,6,0,4,,0,,21,58.6%,21.7,0.87,single_platform,lifetime (age in age_days_at_collection),organic,thumbnail impressions/CTR not meaningful for Shorts feed
R210,youtube,youtube,k92YiX0QdXM,https://www.youtube.com/shorts/k92YiX0QdXM,2026-09-05,21,2026-09-26,brand-intro-no-subject,text-rule,,EthniAfrica - Atlas des peuples d'Afrique,short_video,Short,YouTube Studio content type,,,5,,52,YouTube views (Shorts: start of play/swipe-in),,174,0,0,0,,2,,7,157.7%,0,0.1,single_platform,lifetime (age in age_days_at_collection),organic,thumbnail impressions/CTR not meaningful for Shorts feed
R211,youtube,youtube,TtmKqJ5Ly3Q,https://www.youtube.com/shorts/TtmKqJ5Ly3Q,2026-09-05,21,2026-09-26,nigeria-flora-shaw,ledger-url,pays,"Qui a inventé le nom ""Nigeria"" ? #Shorts",short_video,Short,YouTube Studio content type,video,yes,39,,953,YouTube views (Shorts: start of play/swipe-in),,163,13,0,3,,6,,29,74.5%,16.8,1.79,single_platform,lifetime (age in age_days_at_collection),organic,ledger date mismatch; thumbnail impressions/CTR not meaningful for Shorts feed
R212,youtube,youtube,kzzDsZQlprI,https://www.youtube.com/shorts/kzzDsZQlprI,2026-09-05,21,2026-09-26,lingala-invente-par-les-belges,ledger-url,langue,Le lingala a-t-il été inventé par les Belges ? #Shorts,short_video,Short,YouTube Studio content type,video,yes,35,,705,YouTube views (Shorts: start of play/swipe-in),,228,9,0,3,,10,,22,64.8%,17,1.33,single_platform,lifetime (age in age_days_at_collection),organic,thumbnail impressions/CTR not meaningful for Shorts feed
R213,youtube,youtube,NcXOFuGbFvQ,https://www.youtube.com/shorts/NcXOFuGbFvQ,2026-09-05,21,2026-09-26,afrique-province-romaine,ledger-url,mot,"D'où vient le nom ""Afrique"" ? #Shorts",short_video,Short,YouTube Studio content type,video,yes,42,,798,YouTube views (Shorts: start of play/swipe-in),,126,12,0,6,,2,,35,85.2%,22.6,1.5,single_platform,lifetime (age in age_days_at_collection),organic,thumbnail impressions/CTR not meaningful for Shorts feed
R214,youtube,youtube-community,Ugkx8ugq,,2026-09-15 (11 days ago),11,2026-09-26,daloa-zokou-gbeuly,text-rule,lieu,"En Côte d'Ivoire, le fondateur de la ville de Daloa est mort en exil pour avoir résisté à la colonisation française.",carousel,community post image carousel,YouTube Studio content type,,,,8,6,YouTube views (Shorts: start of play/swipe-in),,0,,,,,,,88,,,1,single_platform,lifetime (age in age_days_at_collection),organic,community post (image carousel); date approximate/unavailable; views only
R215,youtube,youtube-community,UgkxsVbf,,2026-09-15,11,2026-09-26,senoufo-syenambele,text-rule,peuple,"En Côte d'Ivoire, les sculpteurs qui ont inspiré Picasso formaient une caste redoutée.",carousel,community post image carousel,YouTube Studio content type,,,,7,10,YouTube views (Shorts: start of play/swipe-in),,0,,,,,,,9,,,1.67,single_platform,lifetime (age in age_days_at_collection),organic,community post (image carousel); date approximate/unavailable; views only
R216,youtube,youtube-community,UgkxCIxK,,2026-09-14 (12 days ago),12,2026-09-26,krio-quatre-vagues-freetown,text-rule,peuple,"« Créole » veut dire né dans la colonie. En Afrique, c'est devenu un nom de peuples.",carousel,community post image carousel,YouTube Studio content type,,,,6,5,YouTube views (Shorts: start of play/swipe-in),,0,,,,,,,11,,,0.83,single_platform,lifetime (age in age_days_at_collection),organic,community post (image carousel); date approximate/unavailable; views only
R217,youtube,youtube-community,Ugkxl7n8,,2026-09-13 (13 days ago),13,2026-09-26,dioula-un-metier-une-langue-une-identite,text-rule,peuple,Dioula n'est pas un nom de peuple. C'est le mot mandingue pour marchand.,carousel,community post image carousel,YouTube Studio content type,,,,6,21,YouTube views (Shorts: start of play/swipe-in),,0,,,,,,,35,,,3.5,single_platform,lifetime (age in age_days_at_collection),organic,community post (image carousel); date approximate/unavailable; views only
R218,youtube,youtube-community,Ugkx_1Qz,,2026-09-13,13,2026-09-26,amazigh-berbere-deux-noms,text-rule,langue,"Au Maroc et en Algérie, « Amazigh » ne veut pas dire « les hommes libres ».",carousel,community post image carousel,YouTube Studio content type,,,,8,10,YouTube views (Shorts: start of play/swipe-in),,0,,,,,,,54,,,1.67,single_platform,lifetime (age in age_days_at_collection),organic,community post (image carousel); date approximate/unavailable; views only
R219,youtube,youtube-community,Ugkx61zp,,2026-09-13,13,2026-09-26,unresolved,text-rule,,(no text),carousel,community post image carousel,YouTube Studio content type,,,,6,6,YouTube views (Shorts: start of play/swipe-in),,0,,,,,,,92,,,1,single_platform,lifetime (age in age_days_at_collection),organic,community post (image carousel); date approximate/unavailable; views only
R220,youtube,youtube-community,UgkxLUJ9,,2026-09-12 (2 weeks ago),14,2026-09-26,unresolved,text-rule,,(no text),carousel,community post image carousel,YouTube Studio content type,,,,6,5,YouTube views (Shorts: start of play/swipe-in),,0,,,,,,,17,,,0.83,single_platform,lifetime (age in age_days_at_collection),organic,community post (image carousel); date approximate/unavailable; views only
R221,linkedin,linkedin-company,li-co-220,,2026-09-25,1,2026-09-26,frontieres-appartenance,text-rule,,Pourquoi les pays d'Afrique ont-ils gardé leurs frontières ? Un pays a un État et des frontières...,short_video,video,analytics table 'Type de post',,,,,2,LinkedIn video views (blank for images),,1,0,0,0,,,0,,,0,1,single_platform,lifetime (age in age_days_at_collection),organic,company page; metrics blank for 3 recent posts; admin-table date may be creation date
R222,linkedin,linkedin-company,li-co-221,,2026-09-25,1,2026-09-26,manden-mande-mandingue-trois-mots,text-rule,langue,"D'où vient le nom Mandé ? Manden, Mandé, mandingue : trois noms proches, trois usages...",short_video,video,analytics table 'Type de post',,,,,,LinkedIn video views (blank for images),,,,,,,,,,,,,single_platform,lifetime (age in age_days_at_collection),organic,company page; metrics blank for 3 recent posts; admin-table date may be creation date
R223,linkedin,linkedin-company,li-co-222,,2026-09-25,1,2026-09-26,mali-quelle-histoire,text-rule,pays,"Le nom Mali a désigné un empire, une ville, une fédération puis une république...",short_video,video,analytics table 'Type de post',,,,,,LinkedIn video views (blank for images),,,,,,,,,,,,,single_platform,lifetime (age in age_days_at_collection),organic,company page; metrics blank for 3 recent posts; admin-table date may be creation date
R224,linkedin,linkedin-company,li-co-223,,2026-09-22,4,2026-09-26,comprendre-afrique-noms,text-rule,introduction,Comprendre l'Afrique à travers les noms. Nous souhaitons comprendre les sociétés africaines...,short_video,video,analytics table 'Type de post',,,,,51,LinkedIn video views (blank for images),,124,2,0,1,,,1,,,58.8,25.5,single_platform,lifetime (age in age_days_at_collection),organic,company page; metrics blank for 3 recent posts; admin-table date may be creation date
R225,linkedin,linkedin-company,li-co-224,,2026-09-14,12,2026-09-26,cote-divoire-bouet-willaumez,text-rule,pays,Le commandant Bouët-Willaumez n'a pas inventé la Côte d'Ivoire...,short_video,video,analytics table 'Type de post',,,,,2,LinkedIn video views (blank for images),,5,0,0,0,,,0,,,0,1,single_platform,lifetime (age in age_days_at_collection),organic,company page; metrics blank for 3 recent posts; admin-table date may be creation date
R226,linkedin,linkedin-company,li-co-225,,2026-09-14,12,2026-09-26,fulbe-personne-appele-comme-ca,text-rule,peuple,Un des plus grands peuples d'Afrique de l'Ouest est connu sous quatre noms (Peul/Fula/Fulani/Fellata),short_video,video,analytics table 'Type de post',,,,,3,LinkedIn video views (blank for images),,2,0,0,0,,,0,,,0,1.5,single_platform,lifetime (age in age_days_at_collection),organic,company page; metrics blank for 3 recent posts; admin-table date may be creation date
R227,linkedin,linkedin-company,li-co-226,,2026-09-14,12,2026-09-26,daloa-zokou-gbeuly,text-rule,lieu,"En Côte d'Ivoire, le fondateur de la ville de Daloa est mort en exil (Zokou Gbeuly)",image_post(single/multi unverified),image,analytics table 'Type de post',,,,,,LinkedIn video views (blank for images),,1,0,0,0,,,0,,,,,single_platform,lifetime (age in age_days_at_collection),organic,company page; metrics blank for 3 recent posts; admin-table date may be creation date
R228,linkedin,linkedin-company,li-co-227,,2026-09-14,12,2026-09-26,senoufo-syenambele,text-rule,peuple,"En Côte d'Ivoire, les sculpteurs qui ont inspiré Picasso formaient une caste redoutée (Sénoufo)",image_post(single/multi unverified),image,analytics table 'Type de post',,,,,,LinkedIn video views (blank for images),,1,0,0,0,,,0,,,,,single_platform,lifetime (age in age_days_at_collection),organic,company page; metrics blank for 3 recent posts; admin-table date may be creation date
R229,linkedin,linkedin-company,li-co-228,,2026-09-14,12,2026-09-26,krio-quatre-vagues-freetown,text-rule,peuple,"En espagnol et en portugais, « créole » désignait à l'origine une personne née dans une colonie...",image_post(single/multi unverified),image,analytics table 'Type de post',,,,,,LinkedIn video views (blank for images),,3,0,0,0,,,0,,,,,single_platform,lifetime (age in age_days_at_collection),organic,company page; metrics blank for 3 recent posts; admin-table date may be creation date
R230,linkedin,linkedin-company,li-co-229,,2026-09-14,12,2026-09-26,ghana-qui-a-choisi-le-nom,text-rule,pays,"Ce peuple se nomme Nzema, au Ghana comme en Côte d'Ivoire... (Appolo)",short_video,video,analytics table 'Type de post',,,,,1,LinkedIn video views (blank for images),,1,0,0,0,,,0,,,0,0.5,single_platform,lifetime (age in age_days_at_collection),organic,company page; metrics blank for 3 recent posts; admin-table date may be creation date
R231,linkedin,linkedin-company,li-co-230,,2026-09-12,14,2026-09-26,bantou-mot-de-linguiste-allemand,text-rule,mot,Le mot le plus rentable du divertissement occidental vient d'une langue bantoue (zombie),short_video,video,analytics table 'Type de post',,,,,1,LinkedIn video views (blank for images),,3,0,0,0,,,0,,,0,0.5,single_platform,lifetime (age in age_days_at_collection),organic,company page; metrics blank for 3 recent posts; admin-table date may be creation date
R232,linkedin,linkedin-company,li-co-231,,2026-09-12,14,2026-09-26,keita-coulibaly-obligations-alliance,text-rule,patronyme,"Au Mali, deux noms de famille peuvent être liés par un pacte (cousinage à plaisanterie)",short_video,video,analytics table 'Type de post',,,,,1,LinkedIn video views (blank for images),,4,0,0,0,,,0,,,0,0.5,single_platform,lifetime (age in age_days_at_collection),organic,company page; metrics blank for 3 recent posts; admin-table date may be creation date
R233,linkedin,linkedin-company,li-co-232,,2026-09-12,14,2026-09-26,vodun-mot-fon-esprit,text-rule,mot,"Au Bénin, vodun veut dire esprit. Haïti a gardé le mot...",short_video,video,analytics table 'Type de post',,,,,2,LinkedIn video views (blank for images),,7,0,0,0,,,0,,,0,1,single_platform,lifetime (age in age_days_at_collection),organic,company page; metrics blank for 3 recent posts; admin-table date may be creation date
R234,linkedin,linkedin-company,li-co-233,,2026-09-12,14,2026-09-26,nzebi-muyambili-memoire,text-rule,peuple,Une fonction de mémoire vivante a disparu au Gabon en une génération...,short_video,video,analytics table 'Type de post',,,,,2,LinkedIn video views (blank for images),,3,0,0,0,,,0,,,0,1,single_platform,lifetime (age in age_days_at_collection),organic,company page; metrics blank for 3 recent posts; admin-table date may be creation date
R235,linkedin,linkedin-company,li-co-234,,2026-09-12,14,2026-09-26,duala-peuple-avant-la-ville,text-rule,peuple,"À Douala, la deuxième ville d'Afrique centrale, le nom de la ville est celui du peuple...",short_video,video,analytics table 'Type de post',,,,,5,LinkedIn video views (blank for images),,13,0,0,0,,,1,,,0,2.5,single_platform,lifetime (age in age_days_at_collection),organic,company page; metrics blank for 3 recent posts; admin-table date may be creation date
R236,linkedin,linkedin-company,li-co-235,,2026-09-12,14,2026-09-26,dioula-un-metier-une-langue-une-identite,text-rule,peuple,Dioula est un nom commun mandingue qui signifie marchand itinérant...,image_post(single/multi unverified),image,analytics table 'Type de post',,,,,,LinkedIn video views (blank for images),,5,0,0,0,,,0,,,,,single_platform,lifetime (age in age_days_at_collection),organic,company page; metrics blank for 3 recent posts; admin-table date may be creation date
R237,linkedin,linkedin-company,li-co-236,,2026-09-12,14,2026-09-26,amazigh-berbere-deux-noms,text-rule,langue,La traduction « Amazigh = les hommes libres » a un auteur (…),image_post(single/multi unverified),image,analytics table 'Type de post',,,,,,LinkedIn video views (blank for images),,3,0,0,0,,,0,,,,,single_platform,lifetime (age in age_days_at_collection),organic,company page; metrics blank for 3 recent posts; admin-table date may be creation date
R238,linkedin,linkedin-company,li-co-237,,2026-09-12,14,2026-09-26,agni-anyi-meme-peuple,text-rule,peuple,Un même peuple porte deux orthographes officielles selon le…,image_post(single/multi unverified),image,analytics table 'Type de post',,,,,,LinkedIn video views (blank for images),,5,1,0,0,,,0,,,,,single_platform,lifetime (age in age_days_at_collection),organic,company page; metrics blank for 3 recent posts; admin-table date may be creation date
R239,linkedin,linkedin-company,li-co-238,,2026-09-12,14,2026-09-26,mami-wata-nom-anglais,text-rule,mot,La divinité des eaux la plus connue du golfe de Guinée porte un nom co… (Mami Wata),short_video,video,analytics table 'Type de post',,,,,3,LinkedIn video views (blank for images),,1,0,0,0,,,0,,,0,1.5,single_platform,lifetime (age in age_days_at_collection),organic,company page; metrics blank for 3 recent posts; admin-table date may be creation date
R240,linkedin,linkedin-company,li-co-239,,2026-09-12,14,2026-09-26,krou-pas-lequipage,text-rule,langue,"Le nom « Krou » ne vient pas de l'anglais crew, contrairement à l'explication…",short_video,video,analytics table 'Type de post',,,,,2,LinkedIn video views (blank for images),,2,0,0,0,,,0,,,0,1,single_platform,lifetime (age in age_days_at_collection),organic,company page; metrics blank for 3 recent posts; admin-table date may be creation date
R241,x,x,x-240,https://x.com/ethniafrica/status/2100069111820689765,2026-09-16,10,2026-09-26,manden-mande-mandingue-trois-mots,text-rule,langue,« Mandé » n'est le nom propre d'aucun des trente et un peuples qu'il regroupe...,short_video,video (thread part),X page inspection,,,,,23,X views,,,0,1,0,,,,,,43.5,1.35,single_platform,lifetime (age in age_days_at_collection),organic (account has 0 followers),thread part; bookmarks and clicks unavailable; not in ledger
R242,x,x,x-241,https://x.com/ethniafrica/status/2100069113825550586,2026-09-16,10,2026-09-26,manden-mande-mandingue-trois-mots,thread-head,langue,"En 1854, le linguiste allemand Sigismund Wilhelm Koelle...",text,text (thread part),X page inspection,,,,,17,X views,,,0,1,0,,,,,,58.8,5.67,single_platform,lifetime (age in age_days_at_collection),organic (account has 0 followers),thread part; bookmarks and clicks unavailable; not in ledger
R243,x,x,x-242,https://x.com/ethniafrica/status/2100069115629117525,2026-09-16,10,2026-09-26,frontieres-appartenance,text-rule,,Ce qui les relie a survécu aux frontières qu'on leur a imposées...,text,text (thread part),X page inspection,,,,,2,X views,,,0,0,0,,,,,,0,0.67,single_platform,lifetime (age in age_days_at_collection),organic (account has 0 followers),thread part; bookmarks and clicks unavailable; not in ledger
R244,x,x,x-243,https://x.com/ethniafrica/status/2100065243175047664,2026-09-16,10,2026-09-26,mungo-park-fleuve-joliba,text-rule,mot,Mungo Park a-t-il découvert le fleuve Niger ? Pas tout à fait — et la réponse est dans son propre livre. (thread),short_video,video (thread part),X page inspection,,,,,17,X views,,,0,1,0,,,,,,58.8,1,single_platform,lifetime (age in age_days_at_collection),organic (account has 0 followers),thread part; bookmarks and clicks unavailable; not in ledger
R245,x,x,x-244,https://x.com/ethniafrica/status/2100065244919824674,2026-09-16,10,2026-09-26,mungo-park-fleuve-joliba,thread-head,mot,"Sa mission, en 1788 : établir le cours du fleuve. Pas le trouver...",text,text (thread part),X page inspection,,,,,12,X views,,,0,1,0,,,,,,83.3,4,single_platform,lifetime (age in age_days_at_collection),organic (account has 0 followers),thread part; bookmarks and clicks unavailable; not in ledger
R246,x,x,x-245,https://x.com/ethniafrica/status/2100065246312386737,2026-09-16,10,2026-09-26,mungo-park-fleuve-joliba,thread-head,mot,"L'embouchure, elle, restait inconnue en Europe. Il faudra attendre 1830...",text,text/image? (thread part),X page inspection,,,,,1,X views,,,0,0,0,,,,,,0,0.33,single_platform,lifetime (age in age_days_at_collection),organic (account has 0 followers),thread part; bookmarks and clicks unavailable; not in ledger
R247,x,x,x-246,https://x.com/ethniafrica/status/2100035410697060675,2026-09-16,10,2026-09-26,cote-divoire-bouet-willaumez,text-rule,pays,Le commandant Bouët-Willaumez a-t-il inventé la Côte d'Ivoire ? (thread),short_video,video (thread part),X page inspection,,,,,16,X views,,,0,1,0,,,,,,62.5,0.94,single_platform,lifetime (age in age_days_at_collection),organic (account has 0 followers),thread part; bookmarks and clicks unavailable; not in ledger
R248,x,x,x-247,https://x.com/ethniafrica/status/2100035413041655884,2026-09-16,10,2026-09-26,cote-divoire-bouet-willaumez,thread-head,pays,"En 1842, Paris lui ordonne de bâtir des comptoirs...",text,text (thread part),X page inspection,,,,,10,X views,,,0,1,0,,,,,,100,3.33,single_platform,lifetime (age in age_days_at_collection),organic (account has 0 followers),thread part; bookmarks and clicks unavailable; not in ledger
R249,x,x,x-248,https://x.com/ethniafrica/status/2100035414811656278,2026-09-16,10,2026-09-26,cote-divoire-bouet-willaumez,thread-head,pays,C'est le décret du 10 mars 1893...,text,text (thread part),X page inspection,,,,,3,X views,,,0,1,0,,,,,,333.3,1,single_platform,lifetime (age in age_days_at_collection),organic (account has 0 followers),thread part; bookmarks and clicks unavailable; not in ledger
R250,x,x,x-249,https://x.com/ethniafrica/status/2100035416254452097,2026-09-16,10,2026-09-26,cote-divoire-bouet-willaumez,text-rule,pays,"Port-Bouët, Treichville, Bingerville...",text,text (thread part),X page inspection,,,,,3,X views,,,0,0,0,,,,,,0,1,single_platform,lifetime (age in age_days_at_collection),organic (account has 0 followers),thread part; bookmarks and clicks unavailable; not in ledger
R251,linkedin,linkedin-personal,li-pe-250,,2026-09-23,3,2026-09-26,comprendre-afrique-noms,text-rule,introduction,repost of company post 'Comprendre l'Afrique à travers les noms',repost,repost of company post 'Comprendre l'Afrique à travers les noms',profile activity page,,,,,,unavailable,,,,,,,,,,,,,single_platform,lifetime (age in age_days_at_collection),organic,personal profile; metrics not read; repost or account announcement
R252,linkedin,linkedin-personal,li-pe-251,,2026-09-19,7,2026-09-26,unresolved,text-rule,,"Hello, J'ai créé les comptes réseaux sociaux du site EthniAfrica début septembre...",image_post(single/multi unverified),"image (update-components-image), text about EthniAfrica social accounts (4700 FB, 1100 IG, 337 TikTok claims)",profile activity page,,,,,,unavailable,,,,,,,,,,,,,single_platform,lifetime (age in age_days_at_collection),organic,personal profile; metrics not read; repost or account announcement
